/*
SQLyog Ultimate v11.5 (64 bit)
MySQL - 5.0.67-community-nt : Database - schedule2
*********************************************************************
*/

/*!40101 SET NAMES utf8 */;

/*!40101 SET SQL_MODE=''*/;

/*!40014 SET @OLD_UNIQUE_CHECKS=@@UNIQUE_CHECKS, UNIQUE_CHECKS=0 */;
/*!40014 SET @OLD_FOREIGN_KEY_CHECKS=@@FOREIGN_KEY_CHECKS, FOREIGN_KEY_CHECKS=0 */;
/*!40101 SET @OLD_SQL_MODE=@@SQL_MODE, SQL_MODE='NO_AUTO_VALUE_ON_ZERO' */;
/*!40111 SET @OLD_SQL_NOTES=@@SQL_NOTES, SQL_NOTES=0 */;
CREATE DATABASE /*!32312 IF NOT EXISTS*/`schedule2` /*!40100 DEFAULT CHARACTER SET latin1 */;

USE `schedule2`;

/*Table structure for table `course` */

DROP TABLE IF EXISTS `course`;

CREATE TABLE `course` (
  `courseid` int(11) NOT NULL default '0',
  `code` varchar(15) default NULL,
  `title` varchar(100) default NULL,
  `hours` varchar(10) default NULL,
  `abbrev` varchar(15) default NULL
) ENGINE=MyISAM DEFAULT CHARSET=latin1;

/*Data for the table `course` */

insert  into `course`(`courseid`,`code`,`title`,`hours`,`abbrev`) values (1,'BA1101 ','Introduction to Accounting','(3,0)',NULL),(2,'BA1104 ','Personal Management','(3,0)',NULL),(3,'BA1106 ','Islamiat and Pakistan Studies / Humanities','(3,0)',NULL),(4,'BA1109 ','Personal Management and Communication','(3,0)',NULL),(5,'BA1201 ','Financial Accounting','(3,0)',NULL),(6,'BA1202 ','Macroeconomics','(3,0)',NULL),(7,'BA1203 ','Management Principles','(3,0)',NULL),(8,'BA1204 ','Maths for Business','(3,0)',NULL),(9,'BA1206 ','Oral Communication and Presentation Skills','(3,0)',NULL),(10,'BA1211 ','Logic and Critical Thinking','(3,0)',NULL),(11,'BA2303 ','Marketing Principles','(3,0)',NULL),(12,'BA2305 ','Statistics and Mathematics for Business','(3,0)',NULL),(13,'BA2307 ','Sociology','(3,0)',NULL),(14,'BA2311 ','Business Statistics','(3,0)',NULL),(15,'BA2401 ','Money and Banking','(3,0)',NULL),(16,'BA2403 ','Business Ethics','(3,0)',NULL),(17,'BA2406 ','Business and Electronic Communication','(3,0)',NULL),(18,'BA2407 ','Probability and Statistical Inference','(3,0)',NULL),(19,'BA3501 ','Financial Markets and Institutions','(3,0)',NULL),(20,'BA3502 ','Entrepreneurship','(3,0)',NULL),(21,'BA3504 ','Organizational Behavior','(3,0)',NULL),(22,'BA3505 ','Quantitative Skills','(3,0)',NULL),(23,'BA3507 ','Consumer Behavior','(3,0)',NULL),(24,'BA3508 ','Media Management','(3,0)',NULL),(25,'BA3509 ','Public Enterprise Management','(3,0)',NULL),(26,'BA3518 ','Law for Managers','(3,0)',NULL),(27,'BA3601 ','Financial Management','(3,0)',NULL),(28,'BA3602 ','Marketing Management','(3,0)',NULL),(29,'BA3604 ','Computer Programming for Managers','(2,1)',NULL),(30,'BA3605 ','Statistical Inference','(3,0)',NULL),(31,'BA3606 ','Human Resource Management','(3,0)',NULL),(32,'BA3607 ','Operations Management','(3,0)',NULL),(33,'BA3609 ','Pakistan Economy','(3,0)',NULL),(34,'BA4116 ','Supply Chain Management','(3,0)',NULL),(35,'BA4217 ','Experiential Marketing','(3,0)',NULL),(36,'BA4701 ','Islamic Banking and Finance','(3,0)',NULL),(37,'BA4704 ','Management Information Systems','(3,0)',NULL),(38,'BA4705 ','Services Marketing','(3,0)',NULL),(39,'BA4707 ','Marketing Research','(3,0)',NULL),(40,'BA4719 ','Investment Banking','(3,0)',NULL),(41,'BA4721 ','Advertising','(3,0)',NULL),(42,'BA4722 ','Brand Management','(3,0)',NULL),(43,'BA4739 ','Export Marketing','(3,0)',NULL),(44,'BA4752 ','Financial Reporting and Analysis','(3,0)',NULL),(45,'BA4801 ','Law and Taxation','(3,0)',NULL),(46,'BA4808 ','Thesis','(6,0)',NULL),(47,'BA4813 ','Training and Development','(3,0)',NULL),(48,'BA4814 ','Project Management','(3,0)',NULL),(49,'BA4816 ','Industrial Marketing','(3,0)',NULL),(50,'BA4821 ','Media Planning','(3,0)',NULL),(51,'BA4824 ','Sales Management','(3,0)',NULL),(52,'BA4826 ','Talent Management','(3,0)',NULL),(53,'BA4831 ','Portfolio and Investment Management','(3,0)',NULL),(54,'BA4859 ','Product Innovation and Design','(3,0)',NULL),(55,'BA5103 ','Advanced Research Methods','(3,0)',NULL),(56,'BA5104 ','Strategic Management','(3,0)',NULL),(57,'BA5105 ','Financial Management','(3,0)',NULL),(58,'BA5106 ','Marketing Management','(3,0)',NULL),(59,'BA5109 ','Thesis','(6,0)',NULL),(60,'BA5114 ','Leadership and Motivation Techniques','(3,0)',NULL),(61,'BA5122 ','Brand Management','(3,0)',NULL),(62,'BA5123 ','Consumer Behavior','(3,0)',NULL),(63,'BA5131 ','Advance Financial Management','(3,0)',NULL),(64,'BA5132 ','Analysis of Financial Statements','(3,0)',NULL),(65,'BA5135 ','Financial Markets and Institutions','(3,0)',NULL),(66,'BA5139 ','Financial Risk Analysis','(3,0)',NULL),(67,'BA5147 ','Organizational Development and Employee Management','(3,0)',NULL),(68,'BA5163 ','Enterprise Resource Planning','(3,0)',NULL),(69,'BA5175 ','Banking Operations','(3,0)',NULL),(70,'BA5187 ','Business Analysis and Forecasting','(3,0)',NULL),(71,'BA5203 ','Strategic Marketing','(3,0)',NULL),(72,'BA5205 ','Human Resource Management','(3,0)',NULL),(73,'BA5207 ','Organizational Behavior','(3,0)',NULL),(74,'BA5208 ','Strategic Finance','(3,0)',NULL),(75,'BA5214 ','Supply Chain Management','(3,0)',NULL),(76,'BA5216 ','Training and Development','(3,0)',NULL),(77,'BA5217 ','Industrial Marketing','(3,0)',NULL),(78,'BA5219 ','Research Project','(3,0)',NULL),(79,'BA5224 ','Media Planning and Management','(3,0)',NULL),(80,'BA5226 ','Pharmaceutical Marketing','(3,0)',NULL),(81,'BA5227 ','Sales Management','(3,0)',NULL),(82,'BA5229 ','Financial Modeling','(3,0)',NULL),(83,'BA5232 ','Portfolio and Investment Management','(3,0)',NULL),(84,'BA5235 ','Treasury and Funds Management','(3,0)',NULL),(85,'BA5244 ','Investment Banking','(3,0)',NULL),(86,'BA5263 ','Dynamics of Logistics and Distribution','(3,0)',NULL),(87,'BA5265 ','Operational Planning in Supply Chain','(3,0)',NULL),(88,'BA5266 ','Strategic Procurement in SCM','(3,0)',NULL),(89,'BA5273 ','Prudential Regulations','(3,0)',NULL),(90,'BA5286 ','Media Marketing','(3,0)',NULL),(91,'BA5293 ','New Product Development Process and Innovation','(3,0)',NULL),(92,'BA5296 ','Rural Marketing','(3,0)',NULL),(93,'BA5305 ','Statistics and Mathematics for Business','(3,0)',NULL),(94,'BA5307 ','Law of Taxation','(3,0)',NULL),(95,'BA5308 ','International Business','(3,0)',NULL),(96,'BA5318 ','Organizational Development and Analysis','(3,0)',NULL),(97,'BA5319 ','Research Project','(6,0)',NULL),(98,'BA5401 ','Introduction to Business Finance','(3,0)',NULL),(99,'BA5403 ','Management Information Systems','(3,0)',NULL),(100,'BA5404 ','Marketing Principles','(3,0)',NULL),(101,'BA5405 ','Statistical Inference','(3,0)',NULL),(102,'BA5406 ','Entrepreneurship','(3,0)',NULL),(103,'BA5408 ','Business Economics','(3,0)',NULL),(104,'BA5411 ','Cost and Management Accounting','(3,0)',NULL),(105,'BA5418 ','Managerial Communication','(3,0)',NULL),(106,'BIO1101','Cell Biology','(2,1)',NULL),(107,'BIO1103','English-I','(3,0)',NULL),(108,'BIO1104','Introduction to Computing','(3,0)',NULL),(109,'BIO1107','Fundamental Mathematics','(3,0)',NULL),(110,'BIO1202','English-II','(3,0)',NULL),(111,'BIO1206','Physiology-I','(2,1)',NULL),(112,'BIO1207','Advanced Microbiology','(2,1)',NULL),(113,'BIO1208','Statistics','(3,0)',NULL),(114,'BIO1209','Introduction to Microbiology','(2,1)',NULL),(115,'BIO2301','Biochemistry-I','(2,1)',NULL),(116,'BIO2302','Biotechnology','(2,1)',NULL),(117,'BIO2303','Islamiat and Pakistan Studies / Humanities','(3,0)',NULL),(118,'BIO2304','Nutrition and Dietetics','(3,0)',NULL),(119,'BIO2305','Physiology-II','(2,1)',NULL),(120,'BIO2306','Psychology','(3,0)',NULL),(121,'BIO2309','Animal and Plant Tissue Culture','(2,1)',NULL),(122,'BIO2401','Biochemistry-II','(2,1)',NULL),(123,'BIO2402','Bioinformatics','(2,1)',NULL),(124,'BIO2403','Environmental Science','(3,0)',NULL),(125,'BIO2404','Lab Management','(3,0)',NULL),(126,'BIO2405','Hematology','(2,1)',NULL),(127,'BIO2406','Genetic Engineering','(2,1)',NULL),(128,'BIO2407','Basic Endocrinology','(3,0)',NULL),(129,'BIO3503','Genetics','(2,1)',NULL),(130,'BIO3504','Immunology','(2,1)',NULL),(131,'BIO3505','Pharmacology-I','(2,1)',NULL),(132,'BIO3509','Epidemiology','(3,0)',NULL),(133,'BIO3601','Agricultural Science','(3,0)',NULL),(134,'BIO3604','Neurochemistry','(3,0)',NULL),(135,'BIO3605','Pharmacology-II','(2,1)',NULL),(136,'BIO3606','Advanced Biotechnology','(2,1)',NULL),(137,'BIO4701','Business Management','(3,0)',NULL),(138,'BIO4704','Toxicology','(3,0)',NULL),(139,'BIO4721','Advanced Biochemical Techniques','(3,0)',NULL),(140,'BIO4801','Bioethics','(3,0)',NULL),(141,'BIO4802','Biophysics','(3,0)',NULL),(142,'BIO4803','Molecular Biology','(2,1)',NULL),(143,'BIO4805','Research Report-II','(0,3)',NULL),(144,'BIO4824','Tissue Culture Technology','(2,1)',NULL),(145,'CS2302 ','Computer Networks and Data Communication','(3,0)',NULL),(146,'CS2314 ','Finite Automata Theory and Formal Languages','(3,0)',NULL),(147,'CS2318 ','Operating Systems Concepts','(3,1)',NULL),(148,'CS2411 ','Computer Organization and Assembly Language','(2,1)',NULL),(149,'CS2421 ','Relational Database Systems','(3,1)',NULL),(150,'CS3607 ','Advanced Web Technologies','(2,1)',NULL),(151,'CS3611 ','Analysis of Algorithms','(3,0)',NULL),(152,'CS3612 ','Software Engineering-II','(3,0)',NULL),(153,'CS3619 ','Numerical and Symbolic Computation','(3,0)',NULL),(154,'CS3621 ','Software Quality Assurance','(3,0)',NULL),(155,'CS3624 ','Compiler Construction','(3,0)',NULL),(156,'CS4511 ','IT Innovations','(3,0)',NULL),(157,'CS4617 ','iOS Development','(3,0)',NULL),(158,'CS4756 ','Graphic Design and 3D Animation','(3,0)',NULL),(159,'CS4802 ','Research Report','(3,0)',NULL),(160,'CS4804 ','Project-II','(0,3)',NULL),(161,'CS4832 ','Network Security and Cryptography','(3,0)',NULL),(162,'CS4952 ','Data Warehouse Techniques','(3,0)',NULL),(163,'CS5108 ','Independent Study-I','(3,0)',NULL),(164,'CS5109 ','Thesis','(3,0)',NULL),(165,'CS5157 ','Data Warehousing and Business Intelligence','(3,0)',NULL),(166,'CS5208 ','Independent Study-II','(3,0)',NULL),(167,'CS5209 ','Thesis','(3,0)',NULL),(168,'CS6108 ','Independent Study-I','(3,0)',NULL),(169,'CS6109 ','Dissertation','(6,0)',NULL),(170,'CS6208 ','Independent Study-II','(3,0)',NULL),(171,'CSC1201','Discrete Mathematical Structures','(3,0)',NULL),(172,'CSC1202','Multivariate Calculus','(3,0)',NULL),(173,'CSC1203','Object Oriented Programming','(2,1)',NULL),(174,'CSC1204','Physics','(3,0)',NULL),(175,'CSC1205','Technical and Business Writing','(3,0)',NULL),(176,'CSC5101','Advanced Algorithms Analysis','(3,0)',NULL),(177,'CSC5201','Advanced Operating Systems','(3,0)',NULL),(178,'CSC5202','Advanced Computer Architecture','(3,0)',NULL),(179,'CSC5208','Independent Study','(3,0)',NULL),(180,'CSCL1204','Lab: Physics','(0,1)',NULL),(181,'ISM5108','Independent Study-I','(3,0)',NULL),(182,'ISM5201','Network Security','(3,0)',NULL),(183,'ISM5208','Independent Study-II','(3,0)',NULL),(184,'IT5108 ','Independent Study-I','(3,0)',NULL),(185,'IT5157 ','Data Warehousing and Business Intelligence','(3,0)',NULL),(186,'IT5208 ','Independent Study-II','(3,0)',NULL),(187,'IT5209 ','Thesis','(3,0)',NULL),(188,'MD1104 ','Culture, Media and Society','(3,0)',NULL),(189,'MD1106 ','Photography','(2,1)',NULL),(190,'MD1118 ','Topics in Asian Literature','(3,0)',NULL),(191,'MD1119 ','Play Analysis','(3,0)',NULL),(192,'MD1216 ','Civilization Studies-II','(3,0)',NULL),(193,'MD2318 ','History of Commercial Art','(3,0)',NULL),(194,'MD2323 ','Production Practices-I','(3,0)',NULL),(195,'MD2402 ','Islamiat and Pakistan Studies / Humanities','(3,0)',NULL),(196,'MD2424 ','Media Psychology','(3,0)',NULL),(197,'MD2425 ','Audiovisual Editing','(3,0)',NULL),(198,'MD2427 ','Design Practices-I','(3,0)',NULL),(199,'MD3505 ','Principles of Journalism','(3,0)',NULL),(200,'MD3506 ','Theories of Visual Culture','(3,0)',NULL),(201,'MD3517 ','Narratives Across Media','(3,0)',NULL),(202,'MD3523 ','Production Practices-II','(3,0)',NULL),(203,'MD3602 ','Publication Project','(3,0)',NULL),(204,'MD4701 ','State and Nation Building in Pakistan','(3,0)',NULL),(205,'MD4723 ','Advance Animation','(3,0)',NULL),(206,'MD4726 ','Directing-I','(3,0)',NULL),(207,'MD4728 ','Directing-II','(3,0)',NULL),(208,'MD4731 ','Advertising Research','(3,0)',NULL),(209,'MD4739 ','Advertising Design and Concept','(3,0)',NULL),(210,'MD4754 ','Creative Aspect in Advertising','(3,0)',NULL),(211,'MD4757 ','Feature Writing-I','(3,0)',NULL),(212,'MD4764 ','Production Design','(3,0)',NULL),(213,'MD4769 ','Product Innovation and Design','(3,0)',NULL),(214,'MD4779 ','Digital Brand Communication','(3,0)',NULL),(215,'MD4781 ','Sound Design','(3,0)',NULL),(216,'MD4807 ','Thesis-I','(3,0)',NULL),(217,'MD4821 ','Cinematography','(3,0)',NULL),(218,'MD4843 ','Campaign Strategy','(3,0)',NULL),(219,'MD4859 ','Introduction to Photojournalism','(3,0)',NULL),(220,'MD4878 ','Design for Social Change','(3,0)',NULL),(221,'MD4879 ','Multimedia Journalism','(3,0)',NULL),(222,'MD4883 ','Urdu Literature in South Asian Cinema','(3,0)',NULL),(223,'MD5109 ','Thesis-I','(3,0)',NULL),(224,'MD5111 ','Media, Art and Technology','(3,0)',NULL),(225,'MD5112 ','Media and Post-Colonialism','(3,0)',NULL),(226,'MD5144 ','Audio Visual Editing for Television','(3,0)',NULL),(227,'MD5209 ','Thesis-II','(3,0)',NULL),(228,'MD5211 ','Theories of Film and Television','(3,0)',NULL),(229,'MD5248 ','Project-I','(3,0)',NULL),(230,'MD5261 ','Advertising Research','(3,0)',NULL),(231,'MD5262 ','Brand Management','(3,0)',NULL),(232,'MD5264 ','Copywriting and Advertising Conceptualization','(3,0)',NULL),(233,'MD5349 ','Research Project','(6,0)',NULL),(234,'MD5351 ','Campaign Strategy','(3,0)',NULL),(235,'ME1104 ','Engineering Mathematics-I: Calculus and Analytical Geometry','(3,0)',NULL),(236,'ME1106 ','Islamic Studies','(2,0)',NULL),(237,'ME1107 ','Engineering Drawing and CAD','(2,1)',NULL),(238,'ME1107-L','Engineering Drawing and CAD','(0,1)',NULL),(239,'ME1107-T','Engineering Drawing and CAD','(2,0)',NULL),(240,'ME1201 ','Electronic Devices and Circuits','(3,1)',NULL),(241,'ME1201-L','Electronic Devices and Circuits','(0,1)',NULL),(242,'ME1201-T','Electronic Devices and Circuits','(3,0)',NULL),(243,'ME1202 ','Engineering Mathematics-II: Linear Algebra and Ordinary Differential Equations (ODEs)','(3,0)',NULL),(244,'ME1204 ','Engineering Statics','(3,0)',NULL),(245,'ME1205 ','Technical Writing Skills','(2,0)',NULL),(246,'ME1207 ','Engineering Workshop','(0,2)',NULL),(247,'ME2301 ','Computer Programming','(2,1)',NULL),(248,'ME2301-L','Computer Programming','(0,1)',NULL),(249,'ME2301-T','Computer Programming','(2,0)',NULL),(250,'ME2305 ','Network Analysis','(3,0)',NULL),(251,'ME2401 ','Electronics Circuit Design','(3,1)',NULL),(252,'ME2401-L','LAB Electronics Circuit Design','(0,1)',NULL),(253,'ME2402 ','Electro-Mechanical Systems','(3,1)',NULL),(254,'ME2402-L','LAB Electro-Mechanical Systems','(0,1)',NULL),(255,'ME2403 ','Engineering Mathematics-IV: Transformation Techniques','(3,0)',NULL),(256,'ME2405 ','Thermodynamics','(2,1)',NULL),(257,'ME2405-L','LAB Thermodynamics','(0,1)',NULL),(258,'ME2406 ','Strength of Materials','(3,1)',NULL),(259,'ME2406-L','LAB Strength of Materials','(0,1)',NULL),(260,'ME3504 ','Sensors, Actuators and Instrumentation','(3,1)',NULL),(261,'ME3504-L','LAB Sensors, Actuators and Instrumentation','(0,1)',NULL),(262,'ME3601 ','CAD/CAM','(0,1)',NULL),(263,'ME3602 ','Control Systems','(3,1)',NULL),(264,'ME3602-L','LAB Control Systems','(0,1)',NULL),(265,'ME3603 ','Engineering Mathematics-VI: Probability and Statistics','(3,0)',NULL),(266,'ME3604 ','Machine Design','(3,0)',NULL),(267,'ME3605 ','Power Electronics','(3,1)',NULL),(268,'ME3605-L','LAB Power Electronics','(0,1)',NULL),(269,'ME4703 ','Heat Transfer','(2,1)',NULL),(270,'ME4703-L','LAB Heat Transfer','(0,1)',NULL),(271,'ME4722 ','Digital Signal Processing','(3,0)',NULL),(272,'ME4723 ','Simulation and Modeling','(3,0)',NULL),(273,'ME4801 ','Industrial Automation','(2,1)',NULL),(274,'ME4801-L','LAB Industrial Automation','(0,1)',NULL),(275,'ME4809 ','Final Design Project-II','(3,0)',NULL),(276,'ME4824 ','Organizational Behavior','(3,0)',NULL),(277,'MS5102 ','Organizational Development','(3,0)',NULL),(278,'MS5108 ','Independent Study-I','(3,0)',NULL),(279,'MS5113 ','Financial Time Series','(3,0)',NULL),(280,'MS5117 ','Qualitative Tools and Analysis','(3,0)',NULL),(281,'MS5137 ','Research Methods and Techniques','(3,0)',NULL),(282,'MS5204 ','Quantitative Tools for Research','(3,0)',NULL),(283,'MS5208 ','Independent Study-II','(3,0)',NULL),(284,'MS5216 ','Corporate Governance','(3,0)',NULL),(285,'MS5301 ','Seminars in Marketing','(3,0)',NULL),(286,'MS5416 ','Research Philosophy','(3,0)',NULL),(287,'MS5417 ','Research Thesis','(6,0)',NULL),(288,'MS6105 ','Qualitative Tools and Analysis','(3,0)',NULL),(289,'MS6108 ','Independent Study-I','(3,0)',NULL),(290,'MS6109 ','Dissertation','(6,0)',NULL),(291,'MS6208 ','Independent Study-II','(3,0)',NULL),(292,'MS6209 ','Dissertation','(3,0)',NULL),(293,'MS6209 ','Dissertation','(6,0)',NULL),(294,'MS6211 ','Organizational Development','(3,0)',NULL),(295,'MS6214 ','Research Philosophy','(3,0)',NULL),(296,'MS6215 ','Seminars in Marketing','(3,0)',NULL),(297,'MS6216 ','Advanced Quantitative Tools for Research','(3,0)',NULL),(298,'MS6311 ','Corporate Governance','(3,0)',NULL),(299,'MS6409 ','Dissertation','(3,0)',NULL),(300,'MS6409 ','Dissertation','(6,0)',NULL),(301,'MS6411 ','Financial Time Series','(3,0)',NULL),(302,'MS6509 ','Dissertation','(6,0)',NULL),(303,'MS6609 ','Dissertation','(6,0)',NULL),(304,'NSC5208','Independent Study','(3,0)',NULL),(305,'PM5103 ','Project Cost Management','(3,0)',NULL),(306,'PM5152 ','Innovation and Technology Management','(3,0)',NULL),(307,'PM5201 ','Project Scheduling, Planning and Time Management','(3,0)',NULL),(308,'PM5301 ','Project Quality Management','(3,0)',NULL),(309,'PM5309 ','Project in Primavera','(3,0)',NULL),(310,'PM5351 ','Project Risk Management','(3,0)',NULL),(311,'SE5108 ','Independent Study-I','(3,0)',NULL),(312,'SE5201 ','Software Project Management','(3,0)',NULL),(313,'SE5208 ','Independent Study-II','(3,0)',NULL),(314,'SEC5208','Independent Study','(3,0)',NULL),(315,'SS1155 ','Introduction to Political Science','(3,0)',NULL),(316,'SS1157 ','Comparative Religion','(3,0)',NULL),(317,'SS1205 ','Macroeconomics','(3,0)',NULL),(318,'SS1209 ','Social Policy','(3,0)',NULL),(319,'SS1255 ','Linguistics','(3,0)',NULL),(320,'SS2306 ','Psychology','(3,0)',NULL),(321,'SS2307 ','Sociology','(3,0)',NULL),(322,'SS2309 ','Statistics-I','(3,0)',NULL),(323,'SS2405 ','Enlightenment','(3,0)',NULL),(324,'SS2406 ','Gender Studies','(3,0)',NULL),(325,'SS2411 ','Environmental Studies','(3,0)',NULL),(326,'SS2412 ','International Relations','(3,0)',NULL),(327,'SS2414 ','Introduction to Organizational Psychology','(3,0)',NULL),(328,'SS2418 ','Statistical Inferences','(3,0)',NULL),(329,'SS3504 ','Research Methods','(3,0)',NULL),(330,'SS3605 ','International Law and Human Rights','(3,0)',NULL),(331,'SS3609 ','Language-II','(3,0)',NULL),(332,'SS3611 ','Criminology','(3,0)',NULL),(333,'SS4112 ','Developmental Psychology','(3,0)',NULL),(334,'SS4134 ','Cognitive Psychology','(3,0)',NULL),(335,'SS4156 ','Clinical Psychology','(3,0)',NULL),(336,'SS4171 ','Class, Caste, and Ethnicity in South Asia','(3,0)',NULL),(337,'SS4213 ','Social Psychology','(3,0)',NULL),(338,'SS4219 ','Peace Research','(3,0)',NULL),(339,'SS4237 ','Post-Colonial State and Social Development','(3,0)',NULL),(340,'SS4251 ','Sustainable Development','(3,0)',NULL),(341,'SS4274 ','Diplomacy, Conflict Resolution and Confidence Building Measures','(3,0)',NULL),(342,'SS4277 ','Modern Ideologies','(3,0)',NULL),(343,'SS4282 ','Growth','(3,0)',NULL),(344,'SS4283 ','Labor Economics','(3,0)',NULL),(345,'SS4709 ','Research Project-I','(3,0)',NULL),(346,'SS4804 ','Public Policy','(3,0)',NULL),(347,'SS4809 ','Research Project-II','(3,0)',NULL),(348,'SS5104 ','Politics of Geo-Economics','(3,0)',NULL),(349,'SS5108 ','Independent Study-I','(3,0)',NULL),(350,'SS5117 ','Advanced Research Methods and Techniques','(3,0)',NULL),(351,'SS5207 ','Quantitative Tools for Decision Making','(3,0)',NULL),(352,'SS5208 ','Independent Study-II','(3,0)',NULL),(353,'SS5306 ','Sacred and Secular','(3,0)',NULL),(354,'SS5326 ','Research Philosophy','(3,0)',NULL),(355,'SS6103 ','Quantitative Tools for Decision Making','(3,0)',NULL),(356,'SS6106 ','Advanced Research Methods and Techniques','(3,0)',NULL),(357,'SS6108 ','Independent Study-I','(3,0)',NULL),(358,'SS6208 ','Independent Study-II','(3,0)',NULL),(359,'SS6209 ','Dissertation','(3,0)',NULL),(360,'SS6209 ','Dissertation','(6,0)',NULL),(361,'SS6209 ','Dissertation','(9,0)',NULL),(362,'SS6309 ','Dissertation','(3,0)',NULL),(363,'SS6409 ','Dissertation','(6,0)',NULL),(364,'SS6408','Banking Crisis Managment','(6,0)',NULL),(365,NULL,'Financial Time Series',NULL,NULL),(366,NULL,'Security Analysis',NULL,NULL);

/*Table structure for table `days` */

DROP TABLE IF EXISTS `days`;

CREATE TABLE `days` (
  `dayid` int(11) NOT NULL default '0',
  `dayname` varchar(20) default NULL,
  PRIMARY KEY  (`dayid`)
) ENGINE=MyISAM DEFAULT CHARSET=latin1;

/*Data for the table `days` */

insert  into `days`(`dayid`,`dayname`) values (1,'Monday'),(2,'Tuesday'),(3,'Wednesday'),(4,'Thursday'),(5,'Friday'),(6,'Saturday'),(7,'Sunday');

/*Table structure for table `offeredcourse` */

DROP TABLE IF EXISTS `offeredcourse`;

CREATE TABLE `offeredcourse` (
  `offid` int(11) NOT NULL default '0',
  `secid` int(11) default NULL,
  `courseid` int(11) default NULL,
  `teacherid` int(11) default NULL,
  PRIMARY KEY  (`offid`),
  KEY `FK_SECTION` (`secid`),
  KEY `FK_COURSE` (`courseid`),
  KEY `FK_TEACHER` (`teacherid`)
) ENGINE=MyISAM DEFAULT CHARSET=latin1;

/*Data for the table `offeredcourse` */

insert  into `offeredcourse`(`offid`,`secid`,`courseid`,`teacherid`) values (1,1,5,67),(2,1,6,11),(3,1,7,9),(4,1,9,80),(5,1,12,61),(6,1,29,112),(7,2,5,67),(8,2,6,206),(9,2,7,118),(10,2,9,54),(11,2,12,61),(12,2,29,228),(13,3,5,67),(14,3,6,206),(15,3,7,239),(16,3,9,80),(17,3,12,61),(18,3,29,112),(19,4,5,67),(20,4,6,222),(21,4,7,239),(22,4,9,54),(23,4,12,61),(24,4,29,112),(25,5,22,207),(26,5,27,214),(27,5,28,29),(28,5,37,188),(29,5,41,70),(30,5,45,148),(31,6,22,207),(32,6,27,214),(33,6,28,29),(34,6,37,188),(35,6,41,70),(36,6,45,148),(37,7,22,207),(38,7,27,214),(39,7,28,29),(40,7,37,188),(41,7,41,70),(42,7,94,12),(43,8,3,246),(44,8,17,118),(45,8,20,59),(46,8,26,12),(47,8,31,81),(48,9,2,208),(49,9,8,6),(50,9,21,208),(51,9,30,181),(52,10,5,16),(53,10,6,206),(54,10,7,108),(55,10,8,37),(56,10,9,72),(57,10,13,130),(58,11,5,16),(59,11,6,28),(60,11,7,108),(61,11,8,37),(62,11,9,200),(63,11,10,243),(64,12,3,60),(65,12,5,16),(66,12,6,28),(67,12,8,37),(68,12,9,186),(69,12,10,243),(70,13,5,16),(71,13,6,123),(72,13,7,59),(73,13,8,67),(74,13,9,200),(75,13,13,130),(76,14,5,16),(77,14,6,206),(78,14,7,59),(79,14,8,37),(80,14,9,186),(81,14,10,251),(82,15,3,60),(83,15,17,14),(84,15,19,161),(85,15,24,159),(86,15,32,77),(87,16,14,142),(88,16,16,210),(89,16,17,14),(90,16,21,158),(91,16,23,71),(92,16,24,159),(93,17,14,142),(94,17,16,250),(95,17,17,14),(96,17,21,158),(97,17,23,71),(98,17,24,159),(99,18,15,183),(100,18,16,250),(101,18,17,162),(102,18,21,131),(103,18,23,71),(104,18,24,159),(105,19,15,183),(106,19,16,250),(107,19,17,162),(108,19,21,20),(109,19,23,71),(110,19,45,10),(111,20,15,100),(112,20,16,82),(113,20,17,14),(114,20,21,131),(115,20,23,65),(116,20,45,235),(117,21,27,214),(118,21,28,179),(119,21,31,194),(120,21,32,99),(121,21,37,188),(122,21,39,176),(123,22,27,248),(124,22,28,29),(125,22,31,81),(126,22,32,171),(127,22,37,4),(128,22,39,176),(129,23,25,116),(130,23,27,214),(131,23,28,125),(132,23,31,81),(133,23,32,77),(134,23,39,190),(135,24,27,248),(136,24,28,29),(137,24,31,154),(138,24,32,171),(139,24,37,4),(140,24,39,190),(141,25,25,116),(142,25,27,143),(143,25,28,125),(144,25,31,64),(145,25,32,99),(146,25,39,190),(147,26,25,116),(148,26,27,87),(149,26,28,179),(150,26,31,184),(151,26,32,171),(152,26,39,190),(153,27,33,58),(154,27,36,155),(155,27,46,252),(156,28,33,58),(157,28,36,155),(158,28,46,252),(159,29,22,207),(160,29,33,58),(161,29,38,197),(162,29,48,229),(163,30,22,207),(164,30,33,58),(165,30,38,197),(166,30,48,229),(167,31,34,227),(168,31,35,65),(169,31,40,133),(170,31,42,111),(171,31,43,139),(172,31,44,143),(173,31,47,96),(174,31,49,135),(175,31,50,136),(176,31,51,223),(177,31,52,216),(178,31,53,87),(179,31,54,192),(180,32,1,101),(181,32,4,208),(182,32,11,125),(183,32,18,181),(184,33,171,163),(185,33,172,106),(186,33,173,228),(187,33,174,124),(188,33,175,233),(189,33,180,95),(190,34,171,163),(191,34,172,106),(192,34,173,228),(193,34,174,124),(194,34,175,233),(195,34,180,95),(196,35,171,69),(197,35,172,106),(198,35,173,228),(199,35,174,165),(200,35,175,178),(201,35,180,95),(202,36,171,168),(203,36,172,106),(204,36,173,228),(205,36,174,165),(206,36,175,178),(207,36,180,95),(208,37,145,249),(209,37,146,236),(210,37,147,22),(211,37,148,44),(212,37,149,153),(213,38,145,249),(214,38,146,236),(215,38,147,22),(216,38,148,44),(217,38,149,153),(218,39,145,249),(219,39,146,152),(220,39,147,22),(221,39,148,34),(222,39,149,153),(223,40,145,249),(224,40,146,152),(225,40,147,22),(226,40,148,34),(227,40,149,122),(228,41,150,26),(229,41,151,52),(230,41,152,69),(231,41,153,24),(232,41,155,13),(233,42,150,26),(234,42,151,52),(235,42,152,69),(236,42,153,24),(237,42,155,13),(238,43,150,85),(239,43,151,52),(240,43,152,69),(241,43,153,177),(242,43,155,68),(243,44,159,134),(244,44,160,249),(245,45,159,134),(246,45,160,249),(247,46,159,134),(248,46,160,249),(249,47,154,134),(250,47,156,45),(251,47,157,144),(252,47,158,3),(253,47,161,44),(254,47,162,52),(255,48,236,114),(256,48,241,95),(257,48,242,2),(258,48,243,234),(259,48,244,234),(260,48,246,234),(261,48,248,104),(262,48,249,104),(263,49,236,114),(264,49,241,95),(265,49,242,2),(266,49,243,234),(267,49,244,234),(268,49,246,234),(269,49,248,104),(270,49,249,104),(271,50,251,164),(272,50,252,199),(273,50,253,84),(274,50,254,95),(275,50,255,18),(276,50,256,50),(277,50,257,94),(278,50,258,40),(279,50,259,232),(280,51,251,164),(281,51,252,199),(282,51,253,84),(283,51,254,95),(284,51,255,18),(285,51,256,50),(286,51,257,94),(287,51,258,40),(288,51,259,232),(289,52,245,72),(290,52,262,226),(291,52,263,132),(292,52,264,132),(293,52,265,18),(294,52,266,43),(295,52,267,2),(296,52,268,199),(297,53,245,72),(298,53,262,226),(299,53,263,132),(300,53,264,132),(301,53,265,18),(302,53,266,43),(303,53,267,2),(304,53,268,199),(305,54,269,50),(306,54,270,94),(307,54,273,45),(308,54,274,199),(309,54,275,164),(310,55,269,50),(311,55,270,94),(312,55,273,45),(313,55,274,199),(314,55,275,164),(315,56,271,84),(316,56,272,43),(317,56,276,32),(318,57,240,2),(319,57,247,104),(320,58,240,2),(321,58,247,104),(322,59,235,170),(323,59,237,193),(324,59,238,232),(325,59,239,193),(326,59,250,164),(327,59,260,132),(328,59,261,132),(329,60,188,209),(330,60,189,237),(331,60,191,247),(332,60,192,198),(333,60,194,30),(334,60,195,57),(335,61,188,209),(336,61,189,237),(337,61,191,247),(338,61,192,198),(339,61,194,30),(340,61,195,57),(341,62,190,198),(342,62,193,205),(343,62,197,90),(344,62,198,174),(345,62,199,57),(346,62,202,242),(347,63,190,198),(348,63,193,205),(349,63,197,90),(350,63,198,174),(351,63,199,57),(352,63,202,242),(353,64,196,117),(354,64,203,5),(355,65,196,117),(356,65,203,5),(357,66,200,204),(358,66,204,119),(359,66,216,252),(360,67,200,204),(361,67,204,119),(362,67,216,252),(363,68,201,5),(364,68,205,205),(365,68,206,30),(366,68,208,102),(367,68,209,205),(368,68,211,172),(369,68,213,191),(370,68,215,75),(371,68,217,23),(372,68,219,109),(373,68,220,127),(374,68,221,117),(375,68,222,198),(376,69,207,247),(377,69,210,201),(378,69,212,120),(379,69,214,238),(380,69,218,191),(381,70,107,113),(382,70,109,169),(383,70,111,203),(384,70,114,27),(385,70,115,150),(386,71,110,113),(388,71,113,105),(389,71,119,203),(390,71,122,150),(391,71,130,66),(392,72,106,76),(393,72,108,105),(394,72,117,107),(395,72,121,66),(396,72,125,27),(397,72,126,56),(398,73,120,19),(399,73,127,47),(400,73,128,38),(401,73,134,150),(402,73,142,66),(403,74,116,66),(404,74,123,240),(405,74,129,76),(406,74,131,203),(407,74,132,56),(408,75,118,150),(409,75,124,48),(410,75,135,203),(411,75,136,76),(412,75,140,74),(413,76,133,76),(414,76,137,160),(415,76,138,42),(416,76,141,47),(417,76,143,27),(418,77,139,47),(419,77,144,66),(420,78,315,93),(421,78,317,222),(422,78,318,36),(423,78,320,217),(424,78,321,121),(425,78,326,17),(426,79,315,93),(427,79,317,222),(428,79,318,36),(429,79,320,217),(430,79,321,53),(431,79,326,86),(432,80,316,167),(433,80,319,110),(434,80,324,157),(435,80,325,166),(436,80,327,185),(437,80,328,220),(438,81,316,167),(439,81,319,36),(440,81,324,157),(441,81,325,115),(442,81,327,185),(443,81,328,220),(444,82,329,63),(445,82,330,225),(446,82,331,92),(447,83,329,63),(448,83,330,225),(449,83,331,92),(450,84,323,91),(451,84,346,51),(452,84,347,41),(453,85,323,91),(454,85,346,51),(455,85,347,41),(456,86,332,62),(457,86,333,231),(458,86,334,140),(459,86,335,41),(460,86,336,31),(461,86,337,41),(462,86,338,212),(463,86,339,21),(464,86,340,25),(465,86,341,189),(466,86,342,17),(467,86,343,25),(468,86,344,222),(469,87,33,58),(470,87,322,61),(471,87,345,41),(472,88,322,61),(473,89,59,252),(474,89,78,123),(475,89,97,123),(476,90,61,241),(477,90,62,125),(478,90,77,135),(479,90,79,241),(480,90,80,180),(481,90,81,15),(482,90,90,7),(483,90,91,128),(484,90,92,35),(485,91,60,108),(486,91,63,195),(487,91,64,219),(488,91,66,138),(489,91,68,4),(490,91,69,141),(491,91,70,137),(492,91,75,171),(493,91,76,96),(494,91,82,195),(495,91,83,138),(496,91,84,8),(497,91,85,133),(498,91,86,78),(499,91,87,83),(500,91,88,227),(501,92,55,151),(502,92,56,129),(503,92,73,73),(504,92,95,244),(505,92,101,181),(506,93,71,221),(507,93,74,88),(508,94,71,221),(509,94,74,88),(510,95,71,196),(511,95,74,88),(512,96,71,196),(513,96,74,88),(514,97,71,70),(515,97,74,97),(516,98,71,218),(517,98,74,126),(518,99,71,182),(519,99,74,97),(520,100,71,182),(521,100,74,126),(522,101,71,221),(523,101,96,81),(524,102,57,145),(525,102,58,211),(526,102,72,73),(527,102,99,4),(528,102,102,98),(529,102,103,123),(530,103,71,221),(531,103,96,239),(532,104,93,181),(533,104,98,88),(534,104,100,125),(535,104,103,123),(536,104,105,215),(537,105,72,250),(538,105,102,98),(539,105,104,126),(540,106,67,81),(541,106,71,221),(542,107,93,181),(543,107,98,145),(544,107,100,77),(545,107,103,147),(546,107,105,239),(547,108,72,250),(548,108,102,98),(549,108,104,126),(550,109,67,239),(551,109,71,221),(552,110,66,138),(553,110,69,230),(554,110,89,89),(555,111,56,129),(556,111,57,145),(557,111,58,179),(558,111,65,161),(559,111,72,73),(560,112,230,102),(561,112,231,79),(562,112,232,213),(563,112,234,191),(564,113,233,191),(565,114,305,173),(566,114,307,175),(567,114,308,103),(568,114,309,146),(569,115,305,173),(570,115,307,175),(571,115,308,1),(572,115,309,146),(573,116,306,103),(574,116,310,149),(575,117,306,103),(576,117,310,149),(577,118,177,33),(578,118,178,55),(579,119,163,252),(580,119,164,252),(581,119,165,52),(582,119,166,252),(583,119,167,252),(584,119,176,202),(585,119,179,44),(586,119,304,44),(587,119,314,44),(588,120,181,252),(589,120,182,44),(590,120,183,252),(591,121,184,252),(592,121,185,52),(593,121,186,252),(594,121,187,252),(595,122,223,252),(596,122,224,5),(597,122,225,245),(598,122,227,252),(599,122,228,5),(600,123,277,49),(601,123,278,252),(602,123,279,46),(603,123,280,156),(604,123,281,156),(605,123,282,224),(606,123,283,252),(607,123,284,116),(608,123,285,98),(609,123,286,91),(610,124,311,252),(611,124,312,134),(612,124,313,252),(613,125,348,187),(614,125,349,252),(615,125,350,156),(616,125,351,224),(617,125,352,252),(618,125,353,39),(619,125,354,91),(620,126,226,90),(621,126,229,90),(622,127,168,252),(623,127,169,252),(624,127,170,252),(625,128,359,252),(626,128,360,252),(627,128,361,252),(628,129,281,156),(629,129,282,224),(630,129,286,91),(631,129,287,49),(632,129,288,156),(633,129,289,252),(634,129,290,252),(635,129,291,252),(636,129,293,252),(637,129,292,252),(638,129,294,49),(639,129,295,91),(640,129,296,98),(641,129,297,156),(642,129,298,116),(643,129,299,252),(644,129,300,252),(645,129,301,46),(646,129,302,252),(647,129,303,252),(648,130,348,187),(649,130,353,39),(650,130,354,91),(651,130,355,224),(652,130,356,156),(653,130,357,252),(654,130,358,252),(655,130,362,252),(656,130,363,252);

/*Table structure for table `offeredcourse2` */

DROP TABLE IF EXISTS `offeredcourse2`;

CREATE TABLE `offeredcourse2` (
  `offid` int(11) unsigned NOT NULL auto_increment,
  `courseid` int(11) NOT NULL,
  `teacherid` int(11) NOT NULL,
  PRIMARY KEY  (`offid`),
  KEY `FK_COURSE` (`courseid`),
  KEY `FK_TEACHER` (`teacherid`)
) ENGINE=MyISAM AUTO_INCREMENT=712 DEFAULT CHARSET=latin1;

/*Data for the table `offeredcourse2` */

insert  into `offeredcourse2`(`offid`,`courseid`,`teacherid`) values (1,5,67),(2,6,11),(3,7,9),(4,9,80),(6,29,112),(7,5,67),(8,6,206),(9,7,118),(10,9,54),(12,29,228),(13,5,67),(14,6,206),(15,7,239),(16,9,80),(18,29,112),(19,5,67),(20,6,222),(21,7,239),(22,9,54),(24,29,112),(25,22,207),(26,27,214),(27,28,29),(28,37,188),(29,41,70),(30,45,148),(32,27,214),(33,28,29),(34,37,188),(35,41,70),(36,45,148),(38,27,214),(39,28,29),(40,37,188),(41,41,70),(42,94,12),(43,3,246),(44,17,118),(45,20,59),(46,26,12),(47,31,81),(48,2,208),(49,8,6),(50,21,208),(51,30,181),(52,5,16),(53,6,206),(54,7,108),(55,8,37),(56,9,72),(57,13,130),(58,5,16),(59,6,28),(60,7,108),(61,8,37),(62,9,200),(63,10,243),(64,3,60),(65,5,16),(66,6,28),(67,8,37),(68,9,186),(69,10,243),(70,5,16),(71,6,123),(72,7,59),(73,8,67),(74,9,200),(75,13,130),(76,5,16),(77,6,206),(78,7,59),(79,8,37),(80,9,186),(81,10,251),(82,3,60),(83,17,14),(87,14,142),(88,16,210),(89,17,14),(90,21,158),(91,23,71),(92,24,159),(93,14,142),(94,16,250),(95,17,14),(96,21,158),(97,23,71),(98,24,159),(99,15,183),(100,16,250),(101,17,162),(102,21,131),(103,23,71),(104,24,159),(105,15,183),(106,16,250),(107,17,162),(108,21,20),(109,23,71),(110,45,10),(111,15,100),(112,16,82),(113,17,14),(114,21,131),(115,23,65),(116,45,235),(117,27,214),(118,28,179),(119,31,194),(120,32,99),(121,37,188),(122,39,176),(123,27,248),(124,28,29),(125,31,81),(126,32,171),(127,37,4),(128,39,176),(129,25,116),(130,27,214),(131,28,125),(132,31,81),(133,32,77),(134,39,190),(135,27,248),(136,28,29),(137,31,154),(138,32,171),(139,37,4),(140,39,190),(141,25,116),(142,27,143),(143,28,125),(144,31,64),(145,32,99),(146,39,190),(147,25,116),(148,27,87),(149,28,179),(150,31,184),(151,32,171),(152,39,190),(153,33,58),(154,36,155),(156,33,58),(158,46,252),(159,22,207),(161,38,197),(162,48,229),(163,22,207),(164,33,58),(165,38,197),(166,48,229),(167,34,227),(168,35,65),(169,40,133),(170,42,111),(172,44,143),(173,47,96),(174,49,135),(175,50,136),(176,51,223),(178,53,87),(179,54,192),(180,1,101),(181,4,208),(182,11,125),(183,18,181),(184,171,163),(185,172,106),(186,173,228),(187,174,124),(188,175,233),(189,180,95),(190,171,163),(191,172,106),(192,173,228),(193,174,124),(194,175,233),(195,180,95),(196,171,69),(197,172,106),(198,173,228),(199,174,165),(200,175,178),(201,180,95),(202,171,168),(203,172,106),(204,173,228),(205,174,165),(206,175,178),(207,180,95),(208,145,249),(209,146,236),(210,147,22),(211,148,44),(212,149,153),(213,145,249),(214,146,236),(215,147,22),(216,148,44),(217,149,153),(218,145,249),(219,146,152),(220,147,22),(221,148,34),(222,149,153),(223,145,249),(224,146,152),(225,147,22),(226,148,34),(227,149,122),(228,150,26),(229,151,52),(230,152,69),(231,153,24),(232,155,13),(233,150,26),(234,151,52),(235,152,69),(236,153,24),(237,155,13),(238,150,85),(239,151,52),(240,152,69),(241,153,177),(242,155,68),(243,159,134),(244,160,249),(245,159,134),(246,160,249),(247,159,134),(248,160,249),(249,154,134),(250,156,45),(251,157,144),(252,158,3),(253,161,44),(254,162,52),(256,241,95),(257,242,2),(258,243,234),(259,244,234),(260,246,234),(261,248,104),(262,249,104),(264,241,95),(265,242,2),(266,243,234),(267,244,234),(268,246,234),(269,248,104),(270,249,104),(271,251,164),(272,252,199),(273,253,84),(274,254,95),(275,255,18),(276,256,50),(277,257,94),(278,258,40),(279,259,232),(280,251,164),(281,252,199),(282,253,84),(283,254,95),(284,255,18),(285,256,50),(286,257,94),(287,258,40),(288,259,232),(289,245,72),(290,262,226),(291,263,132),(292,264,132),(293,265,18),(294,266,43),(296,268,199),(297,245,72),(298,262,226),(299,263,132),(300,264,132),(301,265,18),(302,266,43),(304,268,199),(307,273,45),(309,275,164),(310,269,50),(311,270,94),(312,273,45),(313,274,199),(314,275,164),(315,271,84),(316,272,43),(317,276,32),(318,240,2),(319,247,104),(320,240,2),(321,247,104),(322,235,170),(323,237,193),(324,238,232),(325,239,193),(326,250,164),(327,260,132),(328,261,132),(329,188,209),(330,189,237),(331,191,247),(332,192,198),(333,194,30),(334,195,57),(335,188,209),(336,189,237),(337,191,247),(338,192,198),(339,194,30),(341,190,198),(343,197,90),(344,198,174),(345,199,57),(346,202,242),(347,190,198),(350,198,174),(351,199,57),(352,202,242),(353,196,117),(354,203,5),(356,203,5),(358,204,119),(359,216,252),(360,200,204),(361,204,119),(362,216,252),(367,209,205),(368,211,172),(370,215,75),(371,217,23),(376,207,247),(378,212,120),(380,218,191),(381,107,113),(382,109,169),(383,111,203),(384,114,27),(385,115,150),(386,110,113),(388,113,105),(389,119,203),(390,122,150),(391,130,66),(392,106,76),(393,108,105),(394,117,107),(395,121,66),(396,125,27),(397,126,56),(398,120,19),(399,127,47),(400,128,38),(401,134,150),(402,142,66),(403,116,66),(404,123,240),(405,129,76),(406,131,203),(407,132,56),(408,118,150),(409,124,48),(410,135,203),(411,136,76),(412,140,74),(413,133,76),(414,137,160),(415,138,42),(416,141,47),(417,143,27),(418,139,47),(419,144,66),(420,315,93),(421,317,222),(422,318,36),(423,320,217),(424,321,121),(425,326,17),(426,315,93),(427,317,222),(428,318,36),(429,320,217),(430,321,53),(431,326,86),(432,316,167),(433,319,110),(434,324,157),(435,325,166),(436,327,185),(437,328,220),(438,316,167),(439,319,36),(440,324,157),(441,325,115),(442,327,185),(443,328,220),(444,329,63),(445,330,225),(446,331,92),(447,329,63),(448,330,225),(449,331,92),(451,346,51),(452,347,41),(454,346,51),(455,347,41),(456,332,62),(457,333,231),(458,334,140),(459,335,41),(460,336,31),(461,337,41),(462,338,212),(463,339,21),(464,340,25),(465,341,189),(466,342,17),(467,343,25),(468,344,222),(469,33,58),(470,322,61),(471,345,41),(472,322,61),(473,59,252),(474,78,123),(475,97,123),(476,61,241),(477,62,125),(478,77,135),(479,79,241),(480,80,180),(481,81,15),(482,90,7),(483,91,128),(484,92,35),(485,60,108),(486,63,195),(487,64,219),(489,68,4),(491,70,137),(492,75,171),(493,76,96),(494,82,195),(495,83,138),(496,84,8),(497,85,133),(498,86,78),(499,87,83),(500,88,227),(501,55,151),(503,73,73),(504,95,244),(505,101,181),(506,71,221),(507,74,88),(508,71,221),(509,74,88),(510,71,196),(511,74,88),(512,71,196),(513,74,88),(514,71,70),(515,74,97),(516,71,218),(517,74,126),(518,71,182),(519,74,97),(520,71,182),(521,74,126),(524,57,145),(526,72,73),(527,99,4),(528,102,98),(529,103,123),(530,71,221),(531,96,239),(532,93,181),(533,98,88),(534,100,125),(535,103,123),(536,105,215),(537,72,250),(538,102,98),(539,104,126),(540,67,81),(542,93,181),(543,98,145),(544,100,77),(545,103,147),(546,105,239),(547,72,250),(548,102,98),(549,104,126),(550,67,239),(551,71,221),(552,66,138),(553,69,230),(554,89,89),(555,56,129),(557,58,179),(559,72,73),(560,230,102),(561,231,79),(562,232,213),(563,234,191),(564,233,191),(565,305,173),(566,307,175),(567,308,103),(568,309,146),(570,307,175),(571,308,1),(572,309,146),(573,306,103),(574,310,149),(575,306,103),(576,310,149),(577,177,33),(578,178,55),(579,163,252),(580,164,252),(581,165,52),(582,166,252),(583,167,252),(584,176,202),(585,179,44),(586,304,44),(587,314,44),(588,181,252),(589,182,44),(590,183,252),(591,184,252),(592,185,52),(593,186,252),(594,187,252),(595,223,252),(596,224,5),(597,225,245),(598,227,252),(599,228,5),(600,277,49),(601,278,252),(603,280,156),(604,281,156),(605,282,224),(606,283,252),(609,286,91),(610,311,252),(611,312,134),(612,313,252),(614,349,252),(615,350,156),(616,351,224),(617,352,252),(618,353,39),(619,354,91),(620,226,90),(621,229,90),(622,168,252),(623,169,252),(624,170,252),(625,359,252),(626,360,252),(627,361,252),(628,281,156),(629,282,224),(630,286,91),(631,287,49),(632,288,156),(633,289,252),(634,290,252),(635,291,252),(636,293,252),(637,292,252),(638,294,49),(639,295,91),(643,299,252),(644,300,252),(646,302,252),(647,303,252),(649,353,39),(650,354,91),(651,355,224),(652,356,156),(653,357,252),(654,358,252),(655,362,252),(656,363,252),(657,19,161),(658,27,145),(659,279,100),(660,353,39),(661,28,179),(662,284,116),(663,297,224),(664,277,49),(665,348,187),(666,52,216),(667,31,20),(668,364,89),(669,65,161),(670,27,145),(671,279,46),(672,279,46),(673,285,98),(674,366,252),(675,288,156),(676,200,204),(677,288,156),(678,200,204),(679,205,205),(680,205,205),(681,220,127),(682,350,156),(683,35,58),(684,71,221),(685,71,221),(686,271,84),(687,54,191),(688,210,201),(689,36,236),(690,32,77),(691,208,102),(692,243,234),(693,209,205),(694,66,138),(695,297,156),(696,43,58),(697,71,129),(698,214,238),(699,33,58),(700,221,117),(701,201,5),(702,222,198),(703,69,141),(704,24,159),(705,93,61),(706,323,91),(707,22,207),(708,286,91),(709,43,139),(710,269,50),(711,269,94);

/*Table structure for table `room` */

DROP TABLE IF EXISTS `room`;

CREATE TABLE `room` (
  `roomid` int(11) NOT NULL default '0',
  `roomno` varchar(20) default NULL,
  `campus` varchar(20) default NULL,
  `roomtype` varchar(25) default NULL,
  PRIMARY KEY  (`roomid`)
) ENGINE=MyISAM DEFAULT CHARSET=latin1;

/*Data for the table `room` */

insert  into `room`(`roomid`,`roomno`,`campus`,`roomtype`) values (1,'21','90','class'),(2,'22','90','class'),(3,'24','90','class'),(4,'25','90','class'),(5,'31','90','class'),(6,'32','90','class'),(7,'LAB 1&2','90','lab'),(8,'Auditorium','90','auditorium'),(9,'202','100','class'),(10,'206','100','class'),(11,'207','100','class'),(12,'208','100','class'),(13,'302','100','class'),(14,'305','100','class'),(15,'307','100','class'),(16,'308','100','class'),(17,'309','100','class'),(18,'402','100','class'),(19,'405','100','class'),(20,'407','100','class'),(21,'408','100','class'),(22,'409','100','class'),(23,'410','100','class'),(24,'Lab-401','100','lab'),(25,'M-32','100','lab'),(26,'Media Lab','100','lab'),(27,'Lab 3','100','lab'),(28,'Lab 4&5','100','lab'),(29,'Lab 6','100','lab'),(30,'Studio ','100','studio'),(31,'106','154','class'),(32,'107','154','class'),(33,'108','154','class'),(34,'201','154','class'),(35,'202','154','class'),(36,'203','154','class'),(37,'204','154','class'),(38,'205','154','class'),(39,'MM Lab','154','lab'),(40,'TD Lab','154','lab'),(41,'Em Lab','154','lab'),(42,'ES Lab','154','lab'),(43,'Bio-Lab 1','154','lab'),(44,'Media Studio','154','studio'),(45,'Research villa','154','lab'),(46,'Bio-Lab 2','154','lab');

/*Table structure for table `schedule` */

DROP TABLE IF EXISTS `schedule`;

CREATE TABLE `schedule` (
  `schid` int(11) NOT NULL auto_increment,
  `offid` int(11) default NULL,
  `slotid` int(11) default NULL,
  `occupied` int(11) default NULL,
  PRIMARY KEY  (`schid`),
  KEY `FK_offid` (`offid`)
) ENGINE=MyISAM AUTO_INCREMENT=747 DEFAULT CHARSET=latin1;

/*Data for the table `schedule` */

insert  into `schedule`(`schid`,`offid`,`slotid`,`occupied`) values (643,485,512,3),(642,496,506,3),(126,150,319,3),(125,581,317,3),(124,467,318,3),(122,584,316,3),(121,550,141,3),(120,521,140,3),(117,464,138,3),(116,167,137,3),(115,589,136,3),(112,237,995,2),(111,237,995,1),(110,187,994,2),(109,187,994,1),(108,190,993,2),(107,190,993,1),(106,111,992,3),(105,120,991,3),(104,139,816,1),(103,236,815,2),(102,236,815,1),(101,222,814,1),(100,227,813,2),(99,36,812,3),(98,25,811,3),(97,116,635,3),(96,194,634,3),(95,90,632,3),(94,458,631,3),(93,234,454,2),(92,445,452,3),(91,441,451,3),(90,188,276,2),(89,188,276,1),(88,216,275,2),(87,211,275,1),(86,206,274,2),(85,206,274,1),(84,231,273,2),(83,231,273,1),(82,429,272,3),(81,80,271,3),(80,12,97,2),(79,12,93,1),(78,102,92,3),(77,506,91,3),(76,221,951,3),(75,232,950,2),(74,232,950,1),(73,193,949,3),(72,110,947,3),(71,190,948,2),(70,184,948,1),(69,145,946,3),(68,223,771,1),(67,220,770,1),(66,249,769,1),(65,229,768,1),(64,211,767,1),(63,217,766,1),(62,215,590,2),(61,210,590,1),(60,203,589,2),(59,197,589,1),(57,425,587,3),(56,536,586,3),(55,219,411,1),(54,239,410,2),(53,217,410,1),(52,191,409,2),(51,185,409,1),(50,220,408,2),(49,225,408,1),(48,424,407,3),(47,15,406,3),(46,213,231,1),(45,222,230,2),(44,210,230,1),(43,239,229,2),(42,197,229,1),(41,198,228,2),(40,192,228,1),(39,423,227,3),(38,430,226,3),(37,43,50,3),(36,191,49,2),(35,185,49,1),(34,192,48,1),(33,4,47,3),(32,238,907,2),(31,238,907,1),(30,226,906,2),(29,226,906,1),(28,200,905,2),(27,200,905,1),(26,81,904,3),(25,122,903,3),(24,87,901,3),(23,218,726,2),(22,225,725,2),(21,249,724,2),(20,239,723,2),(19,242,723,1),(17,212,721,2),(16,435,544,3),(15,208,543,2),(14,227,587,1),(13,118,541,3),(12,224,366,2),(11,212,365,2),(10,229,364,2),(9,218,362,2),(8,242,361,1),(7,208,186,2),(6,215,185,2),(5,203,184,2),(4,227,183,2),(3,241,181,2),(2,241,181,1),(1,186,3,2),(653,493,1046,3),(135,489,500,3),(633,546,516,3),(704,674,676,3),(138,161,679,3),(140,476,681,3),(702,673,499,3),(639,544,860,3),(712,565,1039,3),(640,527,1040,3),(151,577,1036,3),(152,254,1037,3),(153,569,1039,3),(155,532,54,3),(160,66,11,1),(161,267,14,3),(162,39,15,3),(163,77,16,3),(165,282,19,2),(166,434,55,3),(167,69,56,3),(168,338,58,3),(169,447,59,3),(170,40,60,3),(171,331,61,3),(172,442,62,3),(173,259,63,1),(174,79,64,3),(176,354,71,3),(177,431,100,3),(178,451,101,3),(179,96,105,3),(180,337,106,3),(183,361,149,3),(715,680,116,3),(186,515,152,3),(187,176,153,3),(188,108,154,3),(189,518,158,3),(191,126,190,3),(192,62,191,3),(193,94,192,3),(194,13,193,3),(195,27,195,3),(196,326,198,1),(197,233,208,2),(198,3,194,3),(199,264,205,2),(693,339,628,3),(677,364,133,3),(676,347,103,3),(671,322,1282,3),(207,121,243,3),(681,334,236,3),(213,121,18,1),(670,561,1280,3),(673,562,1284,3),(679,330,120,3),(669,400,1279,3),(219,8,246,3),(220,127,247,3),(666,410,1274,1),(675,330,133,3),(683,353,239,3),(226,76,244,3),(672,252,1283,3),(228,16,240,3),(678,364,NULL,NULL),(230,19,245,3),(668,597,1276,3),(667,401,1275,3),(233,3,248,3),(234,440,235,3),(235,439,279,3),(236,340,281,3),(237,466,282,3),(660,380,1268,3),(659,560,1264,3),(658,392,1262,1),(657,384,1261,1),(242,508,293,3),(243,61,289,3),(655,505,1044,3),(245,349,296,3),(634,549,518,3),(628,521,320,3),(631,551,327,3),(624,542,324,3),(626,513,332,3),(629,520,331,3),(625,510,328,3),(627,514,333,3),(618,530,150,3),(630,531,321,3),(260,551,334,3),(261,528,336,3),(262,565,338,3),(263,511,329,3),(264,520,325,3),(265,58,372,3),(266,136,375,3),(267,301,376,2),(268,73,378,3),(269,271,381,1),(271,265,383,2),(272,186,388,2),(273,56,371,3),(274,129,416,3),(275,63,417,3),(278,535,419,3),(279,124,420,3),(280,275,421,1),(281,72,422,3),(282,70,423,3),(283,436,425,3),(284,28,426,3),(721,687,463,3),(286,257,428,1),(661,507,1266,3),(288,356,431,3),(664,416,1271,3),(662,330,0,3),(665,597,1272,3),(292,398,468,3),(690,335,473,3),(294,195,474,1),(295,189,474,2),(298,343,476,3),(615,516,156,3),(301,492,515,3),(304,481,517,3),(307,578,529,3),(308,486,505,3),(310,485,507,3),(311,360,508,3),(692,357,509,3),(644,504,510,3),(616,518,151,3),(645,483,685,3),(317,165,513,3),(318,144,549,3),(319,59,550,3),(320,53,552,3),(321,33,554,3),(322,107,555,3),(323,287,557,2),(324,326,558,1),(325,426,563,3),(326,205,564,2),(327,227,567,2),(328,273,560,2),(329,100,594,3),(330,459,595,3),(331,72,597,3),(332,355,598,3),(333,34,599,3),(334,119,600,3),(335,278,602,3),(336,88,603,3),(337,55,604,3),(338,282,605,1),(339,427,606,3),(340,41,608,3),(341,201,609,2),(342,204,613,1),(343,351,641,3),(344,460,643,3),(345,214,644,2),(346,422,645,3),(347,465,646,3),(348,45,647,3),(711,668,1038,3),(636,543,680,3),(743,710,32,2),(356,478,688,3),(357,163,691,3),(358,501,693,3),(359,499,694,3),(654,498,1048,3),(362,487,697,3),(363,574,698,3),(364,379,705,3),(365,173,684,3),(366,486,692,3),(367,345,596,3),(368,65,729,3),(369,74,730,3),(370,22,731,3),(371,420,732,3),(372,368,733,3),(373,462,735,3),(374,152,736,3),(375,326,741,3),(376,317,739,3),(377,533,740,3),(378,180,743,3),(379,344,747,3),(745,228,748,2),(381,324,749,3),(746,233,793,1),(383,52,819,3),(384,463,820,3),(385,170,821,3),(696,342,822,3),(387,329,823,3),(389,513,825,3),(390,71,827,3),(391,67,828,3),(392,457,829,3),(395,342,832,3),(396,21,833,3),(697,350,834,3),(399,350,837,3),(400,269,838,3),(402,476,864,3),(403,495,865,3),(404,172,866,3),(648,500,868,3),(407,479,869,3),(649,482,870,3),(409,168,871,3),(614,512,146,3),(651,495,874,3),(412,611,875,3),(691,358,508,3),(417,112,911,3),(418,57,912,3),(419,251,914,3),(420,64,916,3),(421,317,917,3),(422,99,918,3),(425,298,929,1),(426,298,929,2),(427,6,954,3),(428,449,955,3),(429,444,956,3),(430,75,957,3),(431,332,958,3),(432,251,959,1),(435,82,961,3),(436,317,962,1),(437,316,962,2),(438,68,963,3),(441,159,965,3),(442,199,966,1),(443,166,967,3),(444,202,968,3),(445,290,974,1),(446,290,974,2),(447,346,975,3),(448,173,1000,3),(451,476,1002,3),(452,341,1003,3),(453,169,1004,3),(454,448,1005,3),(457,316,1007,3),(635,529,684,3),(459,209,1009,1),(460,214,1009,2),(461,93,1010,3),(462,105,1011,3),(463,175,1012,3),(464,128,1013,3),(465,323,1020,3),(466,497,1045,3),(467,537,1047,3),(613,511,145,3),(663,507,1270,3),(470,493,1050,3),(471,456,1051,3),(472,123,1053,3),(473,484,1055,3),(474,498,1056,3),(476,494,1064,3),(477,44,35,3),(478,1,34,3),(480,391,31,1),(481,387,31,3),(612,545,155,3),(483,387,31,3),(485,390,212,2),(486,387,31,3),(487,384,42,3),(488,117,214,3),(489,402,213,1),(490,132,215,3),(491,91,216,3),(492,26,391,3),(493,35,392,3),(494,395,393,1),(495,125,394,3),(496,14,395,3),(497,240,396,2),(498,411,397,2),(499,387,402,2),(500,38,571,3),(501,10,572,3),(502,396,573,1),(503,196,574,2),(504,103,575,3),(505,403,582,2),(506,30,751,3),(507,388,931,3),(508,407,933,3),(509,352,943,3),(510,389,76,1),(511,399,78,1),(512,83,79,3),(513,7,80,3),(514,106,82,3),(516,284,256,2),(517,47,257,3),(518,534,259,3),(519,303,260,2),(520,89,261,3),(521,97,262,3),(523,390,267,2),(524,383,267,3),(525,113,436,3),(526,32,437,3),(527,385,438,1),(528,406,439,1),(529,230,440,1),(530,537,441,3),(531,54,442,3),(532,279,444,1),(533,399,447,1),(534,333,448,3),(535,538,616,3),(536,438,617,3),(537,109,618,3),(539,394,620,3),(540,54,621,3),(541,413,622,3),(542,299,624,3),(543,339,623,3),(544,240,798,3),(545,277,804,3),(547,223,977,3),(548,393,978,3),(549,409,979,3),(550,138,980,3),(551,414,981,3),(552,42,982,3),(553,371,988,3),(554,404,123,3),(556,20,302,3),(557,196,303,3),(558,405,304,3),(559,295,305,1),(561,285,481,3),(562,250,482,1),(563,250,482,2),(564,411,483,1),(565,235,485,1),(566,291,489,1),(567,304,490,1),(568,406,492,1),(570,18,661,3),(571,276,662,1),(572,386,666,3),(573,296,670,3),(574,283,671,3),(575,410,672,1),(576,336,673,3),(577,316,841,3),(578,151,842,3),(579,95,843,3),(580,131,844,3),(581,230,845,1),(582,415,847,3),(583,286,849,1),(584,46,1021,3),(585,539,1022,3),(586,205,1023,1),(587,205,1023,2),(588,142,1024,3),(589,149,1025,3),(590,370,1033,3),(591,548,167,3),(592,566,169,3),(593,571,170,3),(594,155,347,3),(595,596,348,3),(596,547,349,3),(597,519,350,3),(598,376,358,3),(603,568,707,3),(604,573,708,3),(605,573,886,3),(606,572,887,3),(607,491,889,3),(608,574,891,3),(609,480,1068,3),(610,148,1069,3),(611,370,1078,3),(698,657,996,3),(699,658,139,3),(700,660,497,3),(701,671,498,3),(703,661,501,3),(705,662,677,3),(706,663,678,3),(707,664,856,3),(708,665,857,3),(709,666,858,3),(710,667,859,3),(713,677,147,3),(714,676,148,3),(716,681,165,3),(717,682,326,3),(718,683,330,3),(719,684,418,3),(720,686,427,3),(722,688,477,3),(723,689,511,3),(724,690,514,3),(725,691,525,3),(726,692,551,3),(727,693,657,3),(728,694,686,3),(729,695,687,3),(730,699,690,3),(731,697,696,3),(732,698,705,3),(733,700,824,3),(734,701,840,3),(735,702,867,3),(736,703,876,3),(737,704,878,3),(738,705,964,3),(739,706,1001,3),(740,707,1006,3),(741,708,869,3),(742,709,1058,3),(744,711,83,3);

/*Table structure for table `section` */

DROP TABLE IF EXISTS `section`;

CREATE TABLE `section` (
  `secid` int(11) NOT NULL default '0',
  `sectionname` varchar(25) NOT NULL,
  `programid` int(11) NOT NULL,
  PRIMARY KEY  (`secid`)
) ENGINE=MyISAM DEFAULT CHARSET=latin1;

/*Data for the table `section` */

insert  into `section`(`secid`,`sectionname`,`programid`) values (1,'BABS 2A',1),(2,'BABS 2B',1),(3,'BABS 2C',1),(4,'BABS 2D',1),(5,'BABS 5A',1),(6,'BABS 5B',1),(7,'BABS 5C',1),(8,'BABS 6A',1),(9,'BABS Open',1),(10,'BBA 2A',2),(11,'BBA 2B',2),(12,'BBA 2C',2),(13,'BBA 2D',2),(14,'BBA 2E',2),(15,'BBA 2F',2),(16,'BBA 4A',2),(17,'BBA 4B',2),(18,'BBA 4C',2),(19,'BBA 4D',2),(20,'BBA 4E',2),(21,'BBA 6A',2),(22,'BBA 6B',2),(23,'BBA 6C',2),(24,'BBA 6D',2),(25,'BBA 6E',2),(26,'BBA 6F',2),(27,'BBA 8A',2),(28,'BBA 8B',2),(29,'BBA 8C',2),(30,'BBA 8D',2),(31,'BBA Elective',2),(32,'BBA Open',2),(33,'BSCS 2A',3),(34,'BSCS 2B',3),(35,'BSCS 2C',3),(36,'BSCS 2D',3),(37,'BSCS 4A',3),(38,'BSCS 4B',3),(39,'BSCS 4C',3),(40,'BSCS 4D',3),(41,'BSCS 6A',3),(42,'BSCS 6B',3),(43,'BSCS 6C',3),(44,'BSCS 8A',3),(45,'BSCS 8B',3),(46,'BSCS 8C',3),(47,'BSCS Elective',3),(48,'BEME 2A',4),(49,'BEME 2B',4),(50,'BEME 4A',4),(51,'BEME 4B',4),(52,'BEME 6A',4),(53,'BEME 6B',4),(54,'BEME 8A',4),(55,'BEME 8B',4),(56,'BEME Elective',4),(57,'BEME Open',4),(58,'BEME Open',4),(59,'BEM EOpen',4),(60,'BS Media 2A',5),(61,'BS Media 2B',5),(62,'BS Media 4A',5),(63,'BS Media 4B',5),(64,'BS Media 6A',5),(65,'BS Media 6B',5),(66,'BS Media 8A',5),(67,'BS Media 8B',5),(68,'BS Elective',0),(69,'BS Elective',0),(70,'BS(BIO) 1A',6),(71,'BS(BIO) 2A',6),(72,'BS(BIO) 3A',6),(73,'BS(BIO) 4A',6),(74,'BS(BIO) 5A',6),(75,'BS(BIO) 6A',6),(76,'BS(BIO) 8A',6),(77,'BS(BIO) Elective',6),(78,'BS(SS) 2A',7),(79,'BS(SS) 2B',7),(80,'BS(SS) 4A',7),(81,'BS(SS) 4B',7),(82,'BS(SS) 6A',7),(83,'BS(SS) 6B',7),(84,'BS(SS) 8A',7),(85,'BS(SS) 8B',7),(86,'BS(SS)Elective',7),(87,'BS(SS)Open',7),(88,'BS(SS)Open',7),(89,'MBA Open',8),(90,'MBA Elective',8),(91,'MBA Elective',8),(92,'MBA Open',8),(93,'MBA(36-D) 2C',8),(94,'MBA(36-D) 2D',8),(95,'MBA(36-E) 2C',8),(96,'MBA(36-E) 2D',8),(97,'MBA(36-E) 2E',8),(98,'MBA(36-E) 2F',8),(99,'MBA(36-E) 2G',8),(100,'MBA(36-E) 2H',8),(101,'MBA(72-D) 4A',8),(102,'MBA(72-E) 2A',8),(103,'MBA(72-E) 4A',8),(104,'MBA(90-D) 2B',8),(105,'MBA(90-D) 4B',8),(106,'MBA(90-D) 6B',8),(107,'MBA(90-E) 2B',8),(108,'MBA(90-E) 4B',8),(109,'MBA(90-E) 6B',8),(110,'MBABF 2A',9),(111,'MBABF(72) 2A',9),(112,'MoA-36 2A',0),(113,'MoA-36 4A',0),(114,'MPM 2A',0),(115,'MPM 2B',0),(116,'MPM Elective',0),(117,'MPM Elective',0),(118,'MSCS 2A',0),(119,'MSCS Open',0),(120,'MSISM Open',0),(121,'MSIT Open',0),(122,'MSMD Open',14),(123,'MSMS Open',15),(124,'MSSE Open',16),(125,'MSSS Open',17),(126,'MTVP-36 4A',18),(127,'PhDCS Open',19),(128,'PhDEC Open',20),(129,'PhDMS Open',21),(130,'PhDSS Open',21),(131,'BSMS Open',0),(132,'LLB Year 1A',0),(133,'LLB Year 1B',0),(134,'LLB Year 2',0),(135,'LLB Year 3',0);

/*Table structure for table `sectiondetails` */

DROP TABLE IF EXISTS `sectiondetails`;

CREATE TABLE `sectiondetails` (
  `offid` int(11) default NULL,
  `secid` int(11) default NULL
) ENGINE=MyISAM DEFAULT CHARSET=latin1;

/*Data for the table `sectiondetails` */

insert  into `sectiondetails`(`offid`,`secid`) values (1,1),(2,1),(3,1),(4,1),(5,1),(6,1),(7,2),(8,2),(9,2),(10,2),(11,2),(12,2),(13,3),(14,3),(15,3),(16,3),(17,3),(18,3),(19,4),(20,4),(21,4),(22,4),(23,4),(24,4),(25,5),(26,5),(27,5),(28,5),(29,5),(30,5),(31,6),(32,6),(33,6),(34,6),(35,6),(36,6),(37,7),(38,7),(39,7),(40,7),(41,7),(42,7),(43,8),(44,8),(45,8),(46,8),(47,8),(48,9),(49,9),(50,9),(51,9),(52,10),(53,10),(54,10),(55,10),(56,10),(57,10),(58,11),(59,11),(60,11),(61,11),(62,11),(63,11),(64,12),(65,12),(66,12),(67,12),(68,12),(69,12),(70,13),(71,13),(72,13),(73,13),(74,13),(75,13),(76,14),(77,14),(78,14),(79,14),(80,14),(81,14),(82,15),(83,15),(84,15),(85,15),(86,15),(87,16),(88,16),(89,16),(90,16),(91,16),(92,16),(93,17),(94,17),(95,17),(96,17),(97,17),(98,17),(99,18),(100,18),(101,18),(102,18),(103,18),(104,18),(105,19),(106,19),(107,19),(108,19),(109,19),(110,19),(111,20),(112,20),(113,20),(114,20),(115,20),(116,20),(117,21),(118,21),(119,21),(120,21),(121,21),(122,21),(123,22),(124,22),(125,22),(126,22),(127,22),(128,22),(129,23),(130,23),(131,23),(132,23),(133,23),(134,23),(135,24),(136,24),(137,24),(138,24),(139,24),(140,24),(141,25),(142,25),(143,25),(144,25),(145,25),(146,25),(147,26),(148,26),(149,26),(150,26),(151,26),(152,26),(153,27),(154,27),(155,27),(156,28),(157,28),(158,28),(159,29),(160,29),(161,29),(162,29),(163,30),(164,30),(165,30),(166,30),(167,31),(168,31),(169,31),(170,31),(171,31),(172,31),(173,31),(174,31),(175,31),(176,31),(177,31),(178,31),(179,31),(180,32),(181,32),(182,32),(183,32),(184,33),(185,33),(186,33),(187,33),(188,33),(189,33),(190,34),(191,34),(192,34),(193,34),(194,34),(195,34),(196,35),(197,35),(198,35),(199,35),(200,35),(201,35),(202,36),(203,36),(204,36),(205,36),(206,36),(207,36),(208,37),(209,37),(210,37),(211,37),(212,37),(213,38),(214,38),(215,38),(216,38),(217,38),(218,39),(219,39),(220,39),(221,39),(222,39),(223,40),(224,40),(225,40),(226,40),(227,40),(228,41),(229,41),(230,41),(231,41),(232,41),(233,42),(234,42),(235,42),(236,42),(237,42),(238,43),(239,43),(240,43),(241,43),(242,43),(243,44),(244,44),(245,45),(246,45),(247,46),(248,46),(249,47),(250,47),(251,47),(252,47),(253,47),(254,47),(255,48),(256,48),(257,48),(258,48),(259,48),(260,48),(261,48),(262,48),(263,49),(264,49),(265,49),(266,49),(267,49),(268,49),(269,49),(270,49),(271,50),(272,50),(273,50),(274,50),(275,50),(276,50),(277,50),(278,50),(279,50),(280,51),(281,51),(282,51),(283,51),(284,51),(285,51),(286,51),(287,51),(288,51),(289,52),(290,52),(291,52),(292,52),(293,52),(294,52),(295,52),(296,52),(297,53),(298,53),(299,53),(300,53),(301,53),(302,53),(303,53),(304,53),(305,54),(306,54),(307,54),(308,54),(309,54),(310,55),(311,55),(312,55),(313,55),(314,55),(315,56),(316,56),(317,56),(318,57),(319,57),(320,58),(321,58),(322,59),(323,59),(324,59),(325,59),(326,59),(327,59),(328,59),(329,60),(330,60),(331,60),(332,60),(333,60),(334,60),(335,61),(336,61),(337,61),(338,61),(339,61),(340,61),(341,62),(342,62),(343,62),(344,62),(345,62),(346,62),(347,63),(348,63),(349,63),(350,63),(351,63),(352,63),(353,64),(354,64),(355,65),(356,65),(357,66),(358,66),(359,66),(360,67),(361,67),(362,67),(363,68),(364,68),(365,68),(366,68),(367,68),(368,68),(369,68),(370,68),(371,68),(372,68),(373,68),(374,68),(375,68),(376,69),(377,69),(378,69),(379,69),(380,69),(381,70),(382,70),(383,70),(384,70),(385,70),(386,71),(388,71),(389,71),(390,71),(391,71),(392,72),(393,72),(394,72),(395,72),(396,72),(397,72),(398,73),(399,73),(400,73),(401,73),(402,73),(403,74),(404,74),(405,74),(406,74),(407,74),(408,75),(409,75),(410,75),(411,75),(412,75),(413,76),(414,76),(415,76),(416,76),(417,76),(418,77),(419,77),(420,78),(421,78),(422,78),(423,78),(424,78),(425,78),(426,79),(427,79),(428,79),(429,79),(430,79),(431,79),(432,80),(433,80),(434,80),(435,80),(436,80),(437,80),(438,81),(439,81),(440,81),(441,81),(442,81),(443,81),(444,82),(445,82),(446,82),(447,83),(448,83),(449,83),(450,84),(451,84),(452,84),(453,85),(454,85),(455,85),(456,86),(457,86),(458,86),(459,86),(460,86),(461,86),(462,86),(463,86),(464,86),(465,86),(466,86),(467,86),(468,86),(469,87),(470,87),(471,87),(472,88),(473,89),(474,89),(475,89),(476,90),(477,90),(478,90),(479,90),(480,90),(481,90),(482,90),(483,90),(484,90),(485,91),(486,91),(487,91),(488,91),(489,91),(490,91),(491,91),(492,91),(493,91),(494,91),(495,91),(496,91),(497,91),(498,91),(499,91),(500,91),(501,92),(502,92),(503,92),(504,92),(505,92),(506,93),(507,93),(508,94),(509,94),(510,95),(511,95),(512,96),(513,96),(514,97),(515,97),(516,98),(517,98),(518,99),(519,99),(520,100),(521,100),(522,101),(523,101),(524,102),(525,102),(526,102),(527,102),(528,102),(529,102),(530,103),(531,103),(532,104),(533,104),(534,104),(535,104),(536,104),(537,105),(538,105),(539,105),(540,106),(541,106),(542,107),(543,107),(544,107),(545,107),(546,107),(547,108),(548,108),(549,108),(550,109),(551,109),(552,110),(553,110),(554,110),(555,111),(556,111),(557,111),(558,111),(559,111),(560,112),(561,112),(562,112),(563,112),(564,113),(565,114),(566,114),(567,114),(568,114),(569,115),(570,115),(571,115),(572,115),(573,116),(574,116),(575,117),(576,117),(577,118),(578,118),(579,119),(580,119),(581,119),(582,119),(583,119),(584,119),(585,119),(586,119),(587,119),(588,120),(589,120),(590,120),(591,121),(592,121),(593,121),(594,121),(595,122),(596,122),(597,122),(598,122),(599,122),(600,123),(601,123),(602,123),(603,123),(604,123),(605,123),(606,123),(607,123),(608,123),(609,123),(610,124),(611,124),(612,124),(613,125),(614,125),(615,125),(616,125),(617,125),(618,125),(619,125),(620,126),(621,126),(622,127),(623,127),(624,127),(625,128),(626,128),(627,128),(628,129),(629,129),(630,129),(631,129),(632,129),(633,129),(634,129),(635,129),(636,129),(637,129),(638,129),(639,129),(640,129),(641,129),(642,129),(643,129),(644,129),(645,129),(646,129),(647,129),(648,130),(649,130),(650,130),(651,130),(652,130),(653,130),(654,130),(655,130),(656,130),(657,15),(657,98),(657,107),(658,102),(658,107),(658,98),(659,123),(659,129),(660,125),(660,129),(661,102),(661,107),(661,98),(662,123),(662,129),(663,123),(663,129),(663,125),(663,130),(664,123),(664,129),(665,125),(665,130),(666,31),(666,90),(667,102),(667,98),(667,107),(668,90),(668,107),(668,98),(669,15),(669,107),(669,98),(670,102),(670,107),(670,98),(671,123),(671,129),(672,123),(672,129),(673,123),(673,129),(674,90),(675,123),(675,129),(676,66),(676,122),(677,123),(677,129),(678,66),(678,122),(679,64),(679,131),(680,64),(680,131),(681,131),(681,64),(682,123),(682,129),(682,125),(682,130),(683,29),(683,30),(684,16),(684,22),(685,16),(685,22),(686,52),(686,53),(687,62),(687,63),(688,66),(688,67),(689,27),(689,28),(690,15),(690,23),(691,64),(691,65),(692,48),(692,49),(693,64),(693,65),(694,90),(694,107),(694,98),(695,123),(695,129),(696,27),(696,28),(697,89),(697,107),(697,98),(698,66),(698,67),(699,27),(699,28),(700,64),(700,65),(701,131),(701,64),(701,65),(701,66),(701,67),(702,64),(702,65),(703,90),(703,107),(703,98),(704,16),(704,15),(705,3),(705,4),(706,84),(706,85),(707,6),(707,7),(708,123),(708,129),(708,125),(708,130),(709,31),(709,91),(710,54),(710,55),(711,54),(711,55);

/*Table structure for table `slots` */

DROP TABLE IF EXISTS `slots`;

CREATE TABLE `slots` (
  `slotid` int(11) NOT NULL auto_increment,
  `dayid` int(11) NOT NULL default '0',
  `slottypeid` int(11) NOT NULL,
  `roomid` int(11) NOT NULL default '0',
  PRIMARY KEY  (`slotid`)
) ENGINE=MyISAM AUTO_INCREMENT=1289 DEFAULT CHARSET=latin1;

/*Data for the table `slots` */

insert  into `slots`(`slotid`,`dayid`,`slottypeid`,`roomid`) values (1,1,1,1),(2,1,1,2),(3,1,1,3),(4,1,1,4),(5,1,1,5),(6,1,1,6),(7,1,1,7),(8,1,1,8),(9,1,1,9),(10,1,1,10),(11,1,1,11),(12,1,1,12),(13,1,1,13),(14,1,1,14),(15,1,1,15),(16,1,1,16),(17,1,1,17),(18,1,1,18),(19,1,1,19),(20,1,1,20),(21,1,1,21),(22,1,1,22),(23,1,1,23),(24,1,1,24),(25,1,1,25),(26,1,1,26),(27,1,1,27),(28,1,1,28),(29,1,1,29),(30,1,1,30),(31,1,1,32),(32,1,1,33),(33,1,1,34),(34,1,1,35),(35,1,1,36),(36,1,1,37),(37,1,1,38),(38,1,1,39),(39,1,1,40),(40,1,1,41),(41,1,1,42),(42,1,1,43),(43,1,1,44),(44,1,1,45),(45,1,1,46),(46,1,2,1),(47,1,2,2),(48,1,2,3),(49,1,2,4),(50,1,2,5),(51,1,2,6),(52,1,2,7),(53,1,2,8),(54,1,2,9),(55,1,2,10),(56,1,2,11),(57,1,2,12),(58,1,2,13),(59,1,2,14),(60,1,2,15),(61,1,2,16),(62,1,2,17),(63,1,2,18),(64,1,2,19),(65,1,2,20),(66,1,2,21),(67,1,2,22),(68,1,2,23),(69,1,2,24),(70,1,2,25),(71,1,2,26),(72,1,2,27),(73,1,2,28),(74,1,2,29),(75,1,2,30),(76,1,2,32),(77,1,2,33),(78,1,2,34),(79,1,2,35),(80,1,2,36),(81,1,2,37),(82,1,2,38),(83,1,2,39),(84,1,2,40),(85,1,2,41),(86,1,2,42),(87,1,2,43),(88,1,2,44),(89,1,2,45),(90,1,2,46),(91,1,3,1),(92,1,3,2),(93,1,3,3),(94,1,3,4),(95,1,3,5),(96,1,3,6),(97,1,3,7),(98,1,3,8),(99,1,3,9),(100,1,3,10),(101,1,3,11),(102,1,3,12),(103,1,3,13),(104,1,3,14),(105,1,3,15),(106,1,3,16),(107,1,3,17),(108,1,3,18),(109,1,3,19),(110,1,3,20),(111,1,3,21),(112,1,3,22),(113,1,3,23),(114,1,3,24),(115,1,3,25),(116,1,3,26),(117,1,3,27),(118,1,3,28),(119,1,3,29),(120,1,3,30),(121,1,3,32),(122,1,3,33),(123,1,3,34),(124,1,3,35),(125,1,3,36),(126,1,3,37),(127,1,3,38),(128,1,3,39),(129,1,3,40),(130,1,3,41),(131,1,3,42),(132,1,3,43),(133,1,3,44),(134,1,3,45),(135,1,3,46),(136,1,4,1),(137,1,4,2),(138,1,4,3),(139,1,4,4),(140,1,4,5),(141,1,4,6),(142,1,4,7),(143,1,4,8),(144,1,4,9),(145,1,4,10),(146,1,4,11),(147,1,4,12),(148,1,4,13),(149,1,4,14),(150,1,4,15),(151,1,4,16),(152,1,4,17),(153,1,4,18),(154,1,4,19),(155,1,4,20),(156,1,4,21),(157,1,4,22),(158,1,4,23),(159,1,4,24),(160,1,4,25),(161,1,4,26),(162,1,4,27),(163,1,4,28),(164,1,4,29),(165,1,4,30),(166,1,4,32),(167,1,4,33),(168,1,4,34),(169,1,4,35),(170,1,4,36),(171,1,4,37),(172,1,4,38),(173,1,4,39),(174,1,4,40),(175,1,4,41),(176,1,4,42),(177,1,4,43),(178,1,4,44),(179,1,4,45),(180,1,4,46),(181,2,1,1),(182,2,1,2),(183,2,1,3),(184,2,1,4),(185,2,1,5),(186,2,1,6),(187,2,1,7),(188,2,1,8),(189,2,1,9),(190,2,1,10),(191,2,1,11),(192,2,1,12),(193,2,1,13),(194,2,1,14),(195,2,1,15),(196,2,1,16),(197,2,1,17),(198,2,1,18),(199,2,1,19),(200,2,1,20),(201,2,1,21),(202,2,1,22),(203,2,1,23),(204,2,1,24),(205,2,1,25),(206,2,1,26),(207,2,1,27),(208,2,1,28),(209,2,1,29),(210,2,1,30),(211,2,1,32),(212,2,1,33),(213,2,1,34),(214,2,1,35),(215,2,1,36),(216,2,1,37),(217,2,1,38),(218,2,1,39),(219,2,1,40),(220,2,1,41),(221,2,1,42),(222,2,1,43),(223,2,1,44),(224,2,1,45),(225,2,1,46),(226,2,2,1),(227,2,2,2),(228,2,2,3),(229,2,2,4),(230,2,2,5),(231,2,2,6),(232,2,2,7),(233,2,2,8),(234,2,2,9),(235,2,2,10),(236,2,2,11),(237,2,2,12),(238,2,2,13),(239,2,2,14),(240,2,2,15),(241,2,2,16),(242,2,2,17),(243,2,2,18),(244,2,2,19),(245,2,2,20),(246,2,2,21),(247,2,2,22),(248,2,2,23),(249,2,2,24),(250,2,2,25),(251,2,2,26),(252,2,2,27),(253,2,2,28),(254,2,2,29),(255,2,2,30),(256,2,2,32),(257,2,2,33),(258,2,2,34),(259,2,2,35),(260,2,2,36),(261,2,2,37),(262,2,2,38),(263,2,2,39),(264,2,2,40),(265,2,2,41),(266,2,2,42),(267,2,2,43),(268,2,2,44),(269,2,2,45),(270,2,2,46),(271,2,3,1),(272,2,3,2),(273,2,3,3),(274,2,3,4),(275,2,3,5),(276,2,3,6),(277,2,3,7),(278,2,3,8),(279,2,3,9),(280,2,3,10),(281,2,3,11),(282,2,3,12),(283,2,3,13),(284,2,3,14),(285,2,3,15),(286,2,3,16),(287,2,3,17),(288,2,3,18),(289,2,3,19),(290,2,3,20),(291,2,3,21),(292,2,3,22),(293,2,3,23),(294,2,3,24),(295,2,3,25),(296,2,3,26),(297,2,3,27),(298,2,3,28),(299,2,3,29),(300,2,3,30),(301,2,3,32),(302,2,3,33),(303,2,3,34),(304,2,3,35),(305,2,3,36),(306,2,3,37),(307,2,3,38),(308,2,3,39),(309,2,3,40),(310,2,3,41),(311,2,3,42),(312,2,3,43),(313,2,3,44),(314,2,3,45),(315,2,3,46),(316,2,4,1),(317,2,4,2),(318,2,4,3),(319,2,4,4),(320,2,4,5),(321,2,4,6),(322,2,4,7),(323,2,4,8),(324,2,4,9),(325,2,4,10),(326,2,4,11),(327,2,4,12),(328,2,4,13),(329,2,4,14),(330,2,4,15),(331,2,4,16),(332,2,4,17),(333,2,4,18),(334,2,4,19),(335,2,4,20),(336,2,4,21),(337,2,4,22),(338,2,4,23),(339,2,4,24),(340,2,4,25),(341,2,4,26),(342,2,4,27),(343,2,4,28),(344,2,4,29),(345,2,4,30),(346,2,4,32),(347,2,4,33),(348,2,4,34),(349,2,4,35),(350,2,4,36),(351,2,4,37),(352,2,4,38),(353,2,4,39),(354,2,4,40),(355,2,4,41),(356,2,4,42),(357,2,4,43),(358,2,4,44),(359,2,4,45),(360,2,4,46),(361,3,1,1),(362,3,1,2),(363,3,1,3),(364,3,1,4),(365,3,1,5),(366,3,1,6),(367,3,1,7),(368,3,1,8),(369,3,1,9),(370,3,1,10),(371,3,1,11),(372,3,1,12),(373,3,1,13),(374,3,1,14),(375,3,1,15),(376,3,1,16),(377,3,1,17),(378,3,1,18),(379,3,1,19),(380,3,1,20),(381,3,1,21),(382,3,1,22),(383,3,1,23),(384,3,1,24),(385,3,1,25),(386,3,1,26),(387,3,1,27),(388,3,1,28),(389,3,1,29),(390,3,1,30),(391,3,1,32),(392,3,1,33),(393,3,1,34),(394,3,1,35),(395,3,1,36),(396,3,1,37),(397,3,1,38),(398,3,1,39),(399,3,1,40),(400,3,1,41),(401,3,1,42),(402,3,1,43),(403,3,1,44),(404,3,1,45),(405,3,1,46),(406,3,2,1),(407,3,2,2),(408,3,2,3),(409,3,2,4),(410,3,2,5),(411,3,2,6),(412,3,2,7),(413,3,2,8),(414,3,2,9),(415,3,2,10),(416,3,2,11),(417,3,2,12),(418,3,2,13),(419,3,2,14),(420,3,2,15),(421,3,2,16),(422,3,2,17),(423,3,2,18),(424,3,2,19),(425,3,2,20),(426,3,2,21),(427,3,2,22),(428,3,2,23),(429,3,2,24),(430,3,2,25),(431,3,2,26),(432,3,2,27),(433,3,2,28),(434,3,2,29),(435,3,2,30),(436,3,2,32),(437,3,2,33),(438,3,2,34),(439,3,2,35),(440,3,2,36),(441,3,2,37),(442,3,2,38),(443,3,2,39),(444,3,2,40),(445,3,2,41),(446,3,2,42),(447,3,2,43),(448,3,2,44),(449,3,2,45),(450,3,2,46),(451,3,3,1),(452,3,3,2),(453,3,3,3),(454,3,3,4),(455,3,3,5),(456,3,3,6),(0,3,3,7),(458,3,3,8),(459,3,3,9),(460,3,3,10),(461,3,3,11),(462,3,3,12),(463,3,3,13),(464,3,3,14),(465,3,3,15),(466,3,3,16),(467,3,3,17),(468,3,3,18),(469,3,3,19),(470,3,3,20),(471,3,3,21),(472,3,3,22),(473,3,3,23),(474,3,3,24),(475,3,3,25),(476,3,3,26),(477,3,3,27),(478,3,3,28),(479,3,3,29),(480,3,3,30),(481,3,3,32),(482,3,3,33),(483,3,3,34),(484,3,3,35),(485,3,3,36),(486,3,3,37),(487,3,3,38),(488,3,3,39),(489,3,3,40),(490,3,3,41),(491,3,3,42),(492,3,3,43),(493,3,3,44),(494,3,3,45),(495,3,3,46),(496,3,4,1),(497,3,4,2),(498,3,4,3),(499,3,4,4),(500,3,4,5),(501,3,4,6),(502,3,4,7),(503,3,4,8),(504,3,4,9),(505,3,4,10),(506,3,4,11),(507,3,4,12),(508,3,4,13),(509,3,4,14),(510,3,4,15),(511,3,4,16),(512,3,4,17),(513,3,4,18),(514,3,4,19),(515,3,4,20),(516,3,4,21),(517,3,4,22),(518,3,4,23),(519,3,4,24),(520,3,4,25),(521,3,4,26),(522,3,4,27),(523,3,4,28),(524,3,4,29),(525,3,4,30),(526,3,4,32),(527,3,4,33),(528,3,4,34),(529,3,4,35),(530,3,4,36),(531,3,4,37),(532,3,4,38),(533,3,4,39),(534,3,4,40),(535,3,4,41),(536,3,4,42),(537,3,4,43),(538,3,4,44),(539,3,4,45),(540,3,4,46),(541,4,1,1),(542,4,1,2),(543,4,1,3),(544,4,1,4),(545,4,1,5),(546,4,1,6),(547,4,1,7),(548,4,1,8),(549,4,1,9),(550,4,1,10),(551,4,1,11),(552,4,1,12),(553,4,1,13),(554,4,1,14),(555,4,1,15),(556,4,1,16),(557,4,1,17),(558,4,1,18),(559,4,1,19),(560,4,1,20),(561,4,1,21),(562,4,1,22),(563,4,1,23),(564,4,1,24),(565,4,1,25),(566,4,1,26),(567,4,1,27),(568,4,1,28),(569,4,1,29),(570,4,1,30),(571,4,1,32),(572,4,1,33),(573,4,1,34),(574,4,1,35),(575,4,1,36),(576,4,1,37),(577,4,1,38),(578,4,1,39),(579,4,1,40),(580,4,1,41),(581,4,1,42),(582,4,1,43),(583,4,1,44),(584,4,1,45),(585,4,1,46),(586,4,2,1),(587,4,2,2),(588,4,2,3),(589,4,2,4),(590,4,2,5),(591,4,2,6),(592,4,2,7),(593,4,2,8),(594,4,2,9),(595,4,2,10),(596,4,2,11),(597,4,2,12),(598,4,2,13),(599,4,2,14),(600,4,2,15),(601,4,2,16),(602,4,2,17),(603,4,2,18),(604,4,2,19),(605,4,2,20),(606,4,2,21),(607,4,2,22),(608,4,2,23),(609,4,2,24),(610,4,2,25),(611,4,2,26),(612,4,2,27),(613,4,2,28),(614,4,2,29),(615,4,2,30),(616,4,2,32),(617,4,2,33),(618,4,2,34),(619,4,2,35),(620,4,2,36),(621,4,2,37),(622,4,2,38),(623,4,2,39),(624,4,2,40),(625,4,2,41),(626,4,2,42),(627,4,2,43),(628,4,2,44),(629,4,2,45),(630,4,2,46),(631,4,3,1),(632,4,3,2),(633,4,3,3),(634,4,3,4),(635,4,3,5),(636,4,3,6),(637,4,3,7),(638,4,3,8),(639,4,3,9),(640,4,3,10),(641,4,3,11),(642,4,3,12),(643,4,3,13),(644,4,3,14),(645,4,3,15),(646,4,3,16),(647,4,3,17),(648,4,3,18),(649,4,3,19),(650,4,3,20),(651,4,3,21),(652,4,3,22),(653,4,3,23),(654,4,3,24),(655,4,3,25),(656,4,3,26),(657,4,3,27),(658,4,3,28),(659,4,3,29),(660,4,3,30),(661,4,3,32),(662,4,3,33),(663,4,3,34),(664,4,3,35),(665,4,3,36),(666,4,3,37),(667,4,3,38),(668,4,3,39),(669,4,3,40),(670,4,3,41),(671,4,3,42),(672,4,3,43),(673,4,3,44),(674,4,3,45),(675,4,3,46),(676,4,4,1),(677,4,4,2),(678,4,4,3),(679,4,4,4),(680,4,4,5),(681,4,4,6),(682,4,4,7),(683,4,4,8),(684,4,4,9),(685,4,4,10),(686,4,4,11),(687,4,4,12),(688,4,4,13),(689,4,4,14),(690,4,4,15),(691,4,4,16),(692,4,4,17),(693,4,4,18),(694,4,4,19),(695,4,4,20),(696,4,4,21),(697,4,4,22),(698,4,4,23),(699,4,4,24),(700,4,4,25),(701,4,4,26),(702,4,4,27),(703,4,4,28),(704,4,4,29),(705,4,4,30),(706,4,4,32),(707,4,4,33),(708,4,4,34),(709,4,4,35),(710,4,4,36),(711,4,4,37),(712,4,4,38),(713,4,4,39),(714,4,4,40),(715,4,4,41),(716,4,4,42),(717,4,4,43),(718,4,4,44),(719,4,4,45),(720,4,4,46),(721,5,1,1),(722,5,1,2),(723,5,1,3),(724,5,1,4),(725,5,1,5),(726,5,1,6),(727,5,1,7),(728,5,1,8),(729,5,1,9),(730,5,1,10),(731,5,1,11),(732,5,1,12),(733,5,1,13),(734,5,1,14),(735,5,1,15),(736,5,1,16),(737,5,1,17),(738,5,1,18),(739,5,1,19),(740,5,1,20),(741,5,1,21),(742,5,1,22),(743,5,1,23),(744,5,1,24),(745,5,1,25),(746,5,1,26),(747,5,1,27),(748,5,1,28),(749,5,1,29),(750,5,1,30),(751,5,1,32),(752,5,1,33),(753,5,1,34),(754,5,1,35),(755,5,1,36),(756,5,1,37),(757,5,1,38),(758,5,1,39),(759,5,1,40),(760,5,1,41),(761,5,1,42),(762,5,1,43),(763,5,1,44),(764,5,1,45),(765,5,1,46),(766,5,2,1),(767,5,2,2),(768,5,2,3),(769,5,2,4),(770,5,2,5),(771,5,2,6),(772,5,2,7),(773,5,2,8),(774,5,2,9),(775,5,2,10),(776,5,2,11),(777,5,2,12),(778,5,2,13),(779,5,2,14),(780,5,2,15),(781,5,2,16),(782,5,2,17),(783,5,2,18),(784,5,2,19),(785,5,2,20),(786,5,2,21),(787,5,2,22),(788,5,2,23),(789,5,2,24),(790,5,2,25),(791,5,2,26),(792,5,2,27),(793,5,2,28),(794,5,2,29),(795,5,2,30),(796,5,2,32),(797,5,2,33),(798,5,2,34),(799,5,2,35),(800,5,2,36),(801,5,2,37),(802,5,2,38),(803,5,2,39),(804,5,2,40),(805,5,2,41),(806,5,2,42),(807,5,2,43),(808,5,2,44),(809,5,2,45),(810,5,2,46),(811,5,3,1),(812,5,3,2),(813,5,3,3),(814,5,3,4),(815,5,3,5),(816,5,3,6),(817,5,3,7),(818,5,3,8),(819,5,3,9),(820,5,3,10),(821,5,3,11),(822,5,3,12),(823,5,3,13),(824,5,3,14),(825,5,3,15),(826,5,3,16),(827,5,3,17),(828,5,3,18),(829,5,3,19),(830,5,3,20),(831,5,3,21),(832,5,3,22),(833,5,3,23),(834,5,3,24),(835,5,3,25),(836,5,3,26),(837,5,3,27),(838,5,3,28),(839,5,3,29),(840,5,3,30),(841,5,3,32),(842,5,3,33),(843,5,3,34),(844,5,3,35),(845,5,3,36),(846,5,3,37),(847,5,3,38),(848,5,3,39),(849,5,3,40),(850,5,3,41),(851,5,3,42),(852,5,3,43),(853,5,3,44),(854,5,3,45),(855,5,3,46),(856,5,4,1),(857,5,4,2),(858,5,4,3),(859,5,4,4),(860,5,4,5),(861,5,4,6),(862,5,4,7),(863,5,4,8),(864,5,4,9),(865,5,4,10),(866,5,4,11),(867,5,4,12),(868,5,4,13),(869,5,4,14),(870,5,4,15),(871,5,4,16),(872,5,4,17),(873,5,4,18),(874,5,4,19),(875,5,4,20),(876,5,4,21),(877,5,4,22),(878,5,4,23),(879,5,4,24),(880,5,4,25),(881,5,4,26),(882,5,4,27),(883,5,4,28),(884,5,4,29),(885,5,4,30),(886,5,4,32),(887,5,4,33),(888,5,4,34),(889,5,4,35),(890,5,4,36),(891,5,4,37),(892,5,4,38),(893,5,4,39),(894,5,4,40),(895,5,4,41),(896,5,4,42),(897,5,4,43),(898,5,4,44),(899,5,4,45),(900,5,4,46),(901,6,1,1),(902,6,1,2),(903,6,1,3),(904,6,1,4),(905,6,1,5),(906,6,1,6),(907,6,1,7),(908,6,1,8),(909,6,1,9),(910,6,1,10),(911,6,1,11),(912,6,1,12),(913,6,1,13),(914,6,1,14),(915,6,1,15),(916,6,1,16),(917,6,1,17),(918,6,1,18),(919,6,1,19),(920,6,1,20),(921,6,1,21),(922,6,1,22),(923,6,1,23),(924,6,1,24),(925,6,1,25),(926,6,1,26),(927,6,1,27),(928,6,1,28),(929,6,1,29),(930,6,1,30),(931,6,1,32),(932,6,1,33),(933,6,1,34),(934,6,1,35),(935,6,1,36),(936,6,1,37),(937,6,1,38),(938,6,1,39),(939,6,1,40),(940,6,1,41),(941,6,1,42),(942,6,1,43),(943,6,1,44),(944,6,1,45),(945,6,1,46),(946,6,2,1),(947,6,2,2),(948,6,2,3),(949,6,2,4),(950,6,2,5),(951,6,2,6),(952,6,2,7),(953,6,2,8),(954,6,2,9),(955,6,2,10),(956,6,2,11),(957,6,2,12),(958,6,2,13),(959,6,2,14),(960,6,2,15),(961,6,2,16),(962,6,2,17),(963,6,2,18),(964,6,2,19),(965,6,2,20),(966,6,2,21),(967,6,2,22),(968,6,2,23),(969,6,2,24),(970,6,2,25),(971,6,2,26),(972,6,2,27),(973,6,2,28),(974,6,2,29),(975,6,2,30),(976,6,2,32),(977,6,2,33),(978,6,2,34),(979,6,2,35),(980,6,2,36),(981,6,2,37),(982,6,2,38),(983,6,2,39),(984,6,2,40),(985,6,2,41),(986,6,2,42),(987,6,2,43),(988,6,2,44),(989,6,2,45),(990,6,2,46),(991,6,3,1),(992,6,3,2),(993,6,3,3),(994,6,3,4),(995,6,3,5),(996,6,3,6),(997,6,3,7),(998,6,3,8),(999,6,3,9),(1000,6,3,10),(1001,6,3,11),(1002,6,3,12),(1003,6,3,13),(1004,6,3,14),(1005,6,3,15),(1006,6,3,16),(1007,6,3,17),(1008,6,3,18),(1009,6,3,19),(1010,6,3,20),(1011,6,3,21),(1012,6,3,22),(1013,6,3,23),(1014,6,3,24),(1015,6,3,25),(1016,6,3,26),(1017,6,3,27),(1018,6,3,28),(1019,6,3,29),(1020,6,3,30),(1021,6,3,32),(1022,6,3,33),(1023,6,3,34),(1024,6,3,35),(1025,6,3,36),(1026,6,3,37),(1027,6,3,38),(1028,6,3,39),(1029,6,3,40),(1030,6,3,41),(1031,6,3,42),(1032,6,3,43),(1033,6,3,44),(1034,6,3,45),(1035,6,3,46),(1036,6,4,1),(1037,6,4,2),(1038,6,4,3),(1039,6,4,4),(1040,6,4,5),(1041,6,4,6),(1042,6,4,7),(1043,6,4,8),(1044,6,4,9),(1045,6,4,10),(1046,6,4,11),(1047,6,4,12),(1048,6,4,13),(1049,6,4,14),(1050,6,4,15),(1051,6,4,16),(1052,6,4,17),(1053,6,4,18),(1054,6,4,19),(1055,6,4,20),(1056,6,4,21),(1057,6,4,22),(1058,6,4,23),(1059,6,4,24),(1060,6,4,25),(1061,6,4,26),(1062,6,4,27),(1063,6,4,28),(1064,6,4,29),(1065,6,4,30),(1066,6,4,32),(1067,6,4,33),(1068,6,4,34),(1069,6,4,35),(1070,6,4,36),(1071,6,4,37),(1072,6,4,38),(1073,6,4,39),(1074,6,4,40),(1075,6,4,41),(1076,6,4,42),(1077,6,4,43),(1078,6,4,44),(1079,6,4,45),(1080,6,4,46),(1081,7,1,1),(1082,7,1,2),(1083,7,1,3),(1084,7,1,4),(1085,7,1,5),(1086,7,1,6),(1087,7,1,7),(1088,7,1,8),(1089,7,1,9),(1090,7,1,10),(1091,7,1,11),(1092,7,1,12),(1093,7,1,13),(1094,7,1,14),(1095,7,1,15),(1096,7,1,16),(1097,7,1,17),(1098,7,1,18),(1099,7,1,19),(1100,7,1,20),(1101,7,1,21),(1102,7,1,22),(1103,7,1,23),(1104,7,1,24),(1105,7,1,25),(1106,7,1,26),(1107,7,1,27),(1108,7,1,28),(1109,7,1,29),(1110,7,1,30),(1111,7,1,32),(1112,7,1,33),(1113,7,1,34),(1114,7,1,35),(1115,7,1,36),(1116,7,1,37),(1117,7,1,38),(1118,7,1,39),(1119,7,1,40),(1120,7,1,41),(1121,7,1,42),(1122,7,1,43),(1123,7,1,44),(1124,7,1,45),(1125,7,1,46),(1126,7,2,1),(1127,7,2,2),(1128,7,2,3),(1129,7,2,4),(1130,7,2,5),(1131,7,2,6),(1132,7,2,7),(1133,7,2,8),(1134,7,2,9),(1135,7,2,10),(1136,7,2,11),(1137,7,2,12),(1138,7,2,13),(1139,7,2,14),(1140,7,2,15),(1141,7,2,16),(1142,7,2,17),(1143,7,2,18),(1144,7,2,19),(1145,7,2,20),(1146,7,2,21),(1147,7,2,22),(1148,7,2,23),(1149,7,2,24),(1150,7,2,25),(1151,7,2,26),(1152,7,2,27),(1153,7,2,28),(1154,7,2,29),(1155,7,2,30),(1156,7,2,32),(1157,7,2,33),(1158,7,2,34),(1159,7,2,35),(1160,7,2,36),(1161,7,2,37),(1162,7,2,38),(1163,7,2,39),(1164,7,2,40),(1165,7,2,41),(1166,7,2,42),(1167,7,2,43),(1168,7,2,44),(1169,7,2,45),(1170,7,2,46),(1171,7,3,1),(1172,7,3,2),(1173,7,3,3),(1174,7,3,4),(1175,7,3,5),(1176,7,3,6),(1177,7,3,7),(1178,7,3,8),(1179,7,3,9),(1180,7,3,10),(1181,7,3,11),(1182,7,3,12),(1183,7,3,13),(1184,7,3,14),(1185,7,3,15),(1186,7,3,16),(1187,7,3,17),(1188,7,3,18),(1189,7,3,19),(1190,7,3,20),(1191,7,3,21),(1192,7,3,22),(1193,7,3,23),(1194,7,3,24),(1195,7,3,25),(1196,7,3,26),(1197,7,3,27),(1198,7,3,28),(1199,7,3,29),(1200,7,3,30),(1201,7,3,32),(1202,7,3,33),(1203,7,3,34),(1204,7,3,35),(1205,7,3,36),(1206,7,3,37),(1207,7,3,38),(1208,7,3,39),(1209,7,3,40),(1210,7,3,41),(1211,7,3,42),(1212,7,3,43),(1213,7,3,44),(1214,7,3,45),(1215,7,3,46),(1216,7,4,1),(1217,7,4,2),(1218,7,4,3),(1219,7,4,4),(1220,7,4,5),(1221,7,4,6),(1222,7,4,7),(1223,7,4,8),(1224,7,4,9),(1225,7,4,10),(1226,7,4,11),(1227,7,4,12),(1228,7,4,13),(1229,7,4,14),(1230,7,4,15),(1231,7,4,16),(1232,7,4,17),(1233,7,4,18),(1234,7,4,19),(1235,7,4,20),(1236,7,4,21),(1237,7,4,22),(1238,7,4,23),(1239,7,4,24),(1240,7,4,25),(1241,7,4,26),(1242,7,4,27),(1243,7,4,28),(1244,7,4,29),(1245,7,4,30),(1246,7,4,32),(1247,7,4,33),(1248,7,4,34),(1249,7,4,35),(1250,7,4,36),(1251,7,4,37),(1252,7,4,38),(1253,7,4,39),(1254,7,4,40),(1255,7,4,41),(1256,7,4,42),(1257,7,4,43),(1258,7,4,44),(1259,7,4,45),(1260,7,4,46),(1261,1,1,31),(1262,1,2,31),(1263,1,3,31),(1264,1,4,31),(1265,2,1,31),(1266,2,2,31),(1267,2,3,31),(1268,2,4,31),(1269,3,1,31),(1270,3,2,31),(1271,3,3,31),(1272,3,4,31),(1273,4,1,31),(1274,4,2,31),(1275,4,3,31),(1276,4,4,31),(1277,5,1,31),(1278,5,2,31),(1279,5,3,31),(1280,5,4,31),(1281,6,1,31),(1282,6,2,31),(1283,6,3,31),(1284,6,4,31),(1285,7,1,31),(1286,7,2,31),(1287,7,3,31),(1288,7,4,31);

/*Table structure for table `slottype` */

DROP TABLE IF EXISTS `slottype`;

CREATE TABLE `slottype` (
  `slottypeid` int(11) NOT NULL,
  `duration` varchar(50) default NULL,
  `slotno` int(11) default NULL,
  `slottype` int(11) default NULL,
  `subslot` int(11) default NULL,
  PRIMARY KEY  (`slottypeid`)
) ENGINE=MyISAM DEFAULT CHARSET=latin1;

/*Data for the table `slottype` */

insert  into `slottype`(`slottypeid`,`duration`,`slotno`,`slottype`,`subslot`) values (1,'08:00 - 11:00 ',1,1,NULL),(2,'11:30 - 02:30 ',2,1,NULL),(3,'03:00 - 06:00 ',3,1,NULL),(4,'06:30 - 09:30 ',4,1,NULL),(5,'08:00 - 09:30 ',1,2,1),(6,'09:45 - 11:15 ',2,2,1),(7,'11:30 - 01:00 ',3,2,2),(8,'01:15 - 02:45 ',4,2,2),(9,'03:00 - 04:30 ',5,2,3),(10,'04:45 - 06:15 ',6,2,3);

/*Table structure for table `teacher` */

DROP TABLE IF EXISTS `teacher`;

CREATE TABLE `teacher` (
  `teacherid` int(11) NOT NULL default '0',
  `teachername` varchar(50) default NULL,
  PRIMARY KEY  (`teacherid`)
) ENGINE=MyISAM DEFAULT CHARSET=latin1;

/*Data for the table `teacher` */

insert  into `teacher`(`teacherid`,`teachername`) values (1,'Aadil Mansoor Ali'),(2,'Abdul H. Saeed'),(3,'Adil Hussain'),(4,'Afzal Ahmed'),(5,'Ahmed Ansari'),(6,'Ahmed Sumair'),(7,'Ali Nasir'),(8,'Ali Shahryar Rizvi'),(9,'Aliya Mahar'),(10,'Aliya Saleem'),(11,'Aly Hyder Bhamani'),(12,'Amaan Farooqui'),(13,'Amar Khan'),(14,'Ambreen Ahmed'),(15,'Amir Ahmed Khan'),(16,'Amir Bilal Mahmood'),(17,'Amjad Ali'),(18,'Aneel Ahmed'),(19,'Aneela Ramzan'),(20,'Annie Tharani'),(21,'Arif Hasan'),(22,'Asad Abbasi'),(23,'Asad Faruqi'),(24,'Asif Khalid'),(25,'Asim Bashir Khan'),(26,'Asim Riaz'),(27,'Asma Bashir'),(28,'Ayesha Jamal'),(29,'Ayesha Latif Shaikh'),(30,'Babar Naeem Sheikh'),(31,'Bahzad Alam Khan'),(32,'Beenish Ali Junejo'),(33,'Behroz Mirza'),(34,'Bilal Hayat Butt'),(35,'Bilal Rashid'),(36,'Bilal Zubedi'),(37,'Dania -'),(38,'Dr Abdul Qader'),(39,'Dr Mohsin Naqvi'),(40,'Dr. Faraz Junejo'),(41,'Dr. Farheen Nasir'),(42,'Dr. Furqan Bari'),(43,'Dr. Husnain Inayat'),(44,'Dr. Husnain Mansoor Ali'),(45,'Dr. Imran Amin'),(46,'Dr. Jameel Ahmed'),(47,'Dr. Kashif Ali'),(48,'Dr. Mohammad NomanSyed'),(49,'Dr. Nadeem Syed'),(50,'Dr. Raza Akbar'),(51,'Dr. Riaz Shaikh'),(52,'Dr. Syed Saif ur Rahman'),(53,'Dr. Tayyaba Tamim'),(54,'Dr. Zehra Habib'),(55,'Dr.Mohammad Altaf Mukati'),(56,'Dr.Sarosh Salman Baloch'),(57,'Fahad Faruqui'),(58,'Fahad Muhammed Ali'),(59,'Fahad Zuberi'),(60,'Faisal Ali Shaikh'),(61,'Faisal Sarwar'),(62,'Faisal Siddiqi'),(63,'Faiz Rasool'),(64,'Faiza Sharif'),(65,'Faizan Iqbal'),(66,'Farah Ashraf'),(67,'Farhan Ahmed'),(68,'Farhan Munir'),(69,'Faria Jameel'),(70,'Fariha Raza'),(71,'Faryal Salman'),(72,'Fatima Rehan Dar'),(73,'Ferhan Syed'),(74,'Furqan Kabir'),(75,'Ghulam Mohiuddin'),(76,'Hammad Afzal Kayani'),(77,'Hammad Masood'),(78,'Haris Malik'),(79,'Haroon Rasheed'),(80,'Hina Alam Orakzai'),(81,'Hina Mubeen'),(82,'Hina Shamsi Nauman'),(83,'Humair Tariq'),(84,'Humera Rafique'),(85,'Imad Majeed'),(86,'Imran Alam'),(87,'Imran Baloch'),(88,'Imran Omer'),(89,'Irfan Hassan'),(90,'Irfan Kheri'),(91,'Irfan Muhammad'),(92,'Irfan Samad Khan'),(93,'Ishtiaq Humair'),(94,'Islah Uddin'),(95,'Ismail Mansoor'),(96,'Jahangir Ali'),(97,'Jamil Ahmed'),(98,'Javed Ahmed Qureshi'),(99,'Jawad Bhatti'),(100,'Jawad Naeem'),(101,'Kanza Sohail'),(102,'Kashif Muhammad Naseem'),(103,'Kashif Siddiq Patoli'),(104,'Khalid Rasheed Shaikh'),(105,'Khawar -'),(106,'Khurram Raza'),(107,'Kiran Fatima'),(108,'Kumail Raza Hemani'),(109,'Madiha Aijaz'),(110,'Maha Yousuf Bari'),(111,'Mahmood Nanji'),(112,'Malik Ahmad Siraj'),(113,'Manahil Rashid Khattri'),(114,'Mansoor Alam Khan'),(115,'Mansoor Raza'),(116,'Manzoor Ali Irsan'),(117,'Maria Kamal'),(118,'Maria Rizwan'),(119,'Mariam Sabri'),(120,'Marium Ali'),(121,'Marium Minhas Bandeali'),(122,'Marjan Sikandar'),(123,'Masood Ahmed'),(124,'Masood Ahmed Khan'),(125,'Mazhar Ali'),(126,'Mehr Fatima Riaz Khan'),(127,'Mirza Muhammad Amir'),(128,'Misbah Rehman Kasi'),(129,'Moazzam Husain'),(130,'Moazzam Kamran'),(131,'Moez Allidina'),(132,'Moez ul Hassan'),(133,'Mohammad Ali Saeed'),(134,'Mohammad Asim Ali'),(135,'Mohammad Elia Qazilbash'),(136,'Mohammad Usman'),(137,'Mohammed Sibtain Mustafa'),(138,'Mohsin Adhi'),(139,'Mubashir Ahmed'),(140,'Muhammad Adeel Hanif'),(141,'Muhammad Ali Jangda'),(142,'Muhammad Amjad'),(143,'Muhammad Annas Imtiaz'),(144,'Muhammad Fahad'),(145,'Muhammad Farhan Malik'),(146,'Muhammad Farhan Shaikh'),(147,'Muhammad Iftikhar Mubbashir'),(148,'Muhammad Ishtiaq Khan'),(149,'Muhammad Kashif Siddiqui'),(150,'Muhammad Mujtaba Babar'),(151,'Muhammad Mumtaz Khan'),(152,'Muhammad Shahzad'),(153,'Muhammad Shahzad Haroon'),(154,'Muhammad Shariq Raja Junjua'),(155,'Muhammad Tehsin Malik'),(156,'Muhammad Zaki Rashidi'),(157,'Muqtida Ali'),(158,'Murium Fatima Javed'),(159,'Mustafa M. Hussain'),(160,'Nadeem Ahmed'),(161,'Nadir Saleem Khan'),(162,'Naila Ahmed'),(163,'Najeed Ahmed Khan'),(164,'Nasreen Bano'),(165,'Naveel Arshad'),(166,'Nazish Shekha'),(167,'Nazli Javed Hussain'),(168,'Noman Atique'),(169,'Nosheen Maqsood'),(170,'Ovais Zahid'),(171,'Owais Raheel'),(172,'Peerzada Salman'),(173,'Qazi Abdul Wahid'),(174,'Qazi Fazli Azeem'),(175,'Qazi Zeeshan Aziz'),(176,'Rabab Sultan'),(177,'Rahim Hasnani'),(178,'Rashid Nawabdin'),(179,'Rimsha Bilal'),(180,'Rizwan Raheem Ahmed'),(181,'S M Ahsan'),(182,'Saad Jamal Farooqui'),(183,'Saad Yasin'),(184,'Saba Ahmed'),(185,'Saba Mumtaz'),(186,'Sadiya Azeem Durrani'),(187,'Saif Asif Khan'),(188,'Saima Hussain'),(189,'Sajjad Ahmad'),(190,'Salma Rahman'),(191,'Salman Abedin'),(192,'Salman Ahmed'),(193,'Salman Jawaid'),(194,'Samar Hussain'),(195,'Sameen Ghani'),(196,'Samin Ahmad'),(197,'Sanya Shahid'),(198,'Saqlain Zaidi'),(199,'Sarmad Hameed'),(200,'Seema Hamad'),(201,'Semyne Khan'),(202,'Shabbir Mukhi'),(203,'Shahab Mehmood'),(204,'Shahana Rajani'),(205,'Shariq Chhapra'),(206,'Shazia Salam'),(207,'Sheeraz Khan'),(208,'Shehla Sidiki'),(209,'Shehram Mokhtar'),(210,'Sheikh Sameed Ahmed'),(211,'Sobia Shujaat'),(212,'Sohail Muhammad Ali'),(213,'Soofia Ishaque'),(214,'Subeika Rizvi1'),(215,'Sukaina Ali'),(216,'Sultan Mughal'),(217,'Sumayya Salim'),(218,'Syed Abdul Haye'),(219,'Syed Ahmad Abbas Zaidi'),(220,'Syed Arsalan Wasti'),(221,'Syed Faheem Hasan Bukhari'),(222,'Syed Ghayyur Alam'),(223,'Syed Hasan Jameel'),(224,'Syed Muhammad Ahsan Rizvi'),(225,'Syed Muhammad Ali Shah'),(226,'Syed Muhammad Kashif Akhtar'),(227,'Syed Qaim Hussain Zaidi'),(228,'Syed Safdar Najmi'),(229,'Syed Sharjeel ul Hasan'),(230,'Syed Waqar Ahmed'),(231,'Syeda Humera Qutub'),(232,'Syeda Maria Khatoon Zaidi'),(233,'Tahira Adeel Zaman'),(234,'Tanzila Younas'),(235,'Tauheed Ullah Siddiqui'),(236,'Tehniat Mirza'),(237,'Umair Jangda'),(238,'Umair Mohsin'),(239,'Umber Kazi'),(240,'Usaima Nasir'),(241,'Usman A Qayyam'),(242,'Vivian Jonathan Xavier'),(243,'Wajeeha Fatima Javed'),(244,'Wasif Ahmed'),(245,'Yaminay Nasir Chaudri'),(246,'Zeba Ashraf'),(247,'Zeeshan Haider'),(248,'Zeeshan Shalwani'),(249,'Zohaib Jan'),(250,'Zubair A. Shah'),(251,'Zulkarnain Qureshi'),(252,'Sateesh Balani');

/*Table structure for table `vschedule` */

DROP TABLE IF EXISTS `vschedule`;

/*!50001 DROP VIEW IF EXISTS `vschedule` */;
/*!50001 DROP TABLE IF EXISTS `vschedule` */;

/*!50001 CREATE TABLE  `vschedule`(
 `schid` int(11) ,
 `offid` int(11) ,
 `teacherid` int(11) ,
 `teachername` varchar(50) ,
 `courseid` int(11) ,
 `title` varchar(100) ,
 `sectionid` int(11) ,
 `sectionname` varchar(25) ,
 `programid` int(11) ,
 `slotid` int(11) ,
 `dayid` int(11) ,
 `dayname` varchar(20) ,
 `duration` varchar(50) ,
 `slotno` int(11) ,
 `slottypeid` int(11) ,
 `subslotid` int(11) ,
 `occupied` int(11) ,
 `roomid` int(11) ,
 `roomno` varchar(20) ,
 `campus` varchar(20) ,
 `roomtype` varchar(25) 
)*/;

/*Table structure for table `vschedule2` */

DROP TABLE IF EXISTS `vschedule2`;

/*!50001 DROP VIEW IF EXISTS `vschedule2` */;
/*!50001 DROP TABLE IF EXISTS `vschedule2` */;

/*!50001 CREATE TABLE  `vschedule2`(
 `schid` int(11) ,
 `offid` int(11) ,
 `teacherid` int(11) ,
 `teachername` varchar(50) ,
 `courseid` int(11) ,
 `title` varchar(100) ,
 `sectionid` varchar(1) ,
 `sectionname` longtext ,
 `slotid` int(11) ,
 `dayid` int(11) ,
 `dayname` varchar(20) ,
 `duration` varchar(50) ,
 `slotno` int(11) ,
 `subslotid` int(11) ,
 `occupied` int(11) ,
 `roomid` int(11) ,
 `roomno` varchar(20) ,
 `campus` varchar(20) ,
 `roomtype` varchar(25) 
)*/;

/*Table structure for table `vslottype` */

DROP TABLE IF EXISTS `vslottype`;

/*!50001 DROP VIEW IF EXISTS `vslottype` */;
/*!50001 DROP TABLE IF EXISTS `vslottype` */;

/*!50001 CREATE TABLE  `vslottype`(
 `slottypeid` int(11) ,
 `duration` varchar(50) ,
 `slotno` int(11) ,
 `sort` decimal(12,1) ,
 `subslotid` int(11) ,
 `occupied` bigint(20) 
)*/;

/*View structure for view vschedule */

/*!50001 DROP TABLE IF EXISTS `vschedule` */;
/*!50001 DROP VIEW IF EXISTS `vschedule` */;

/*!50001 CREATE ALGORITHM=UNDEFINED DEFINER=`root`@`localhost` SQL SECURITY DEFINER VIEW `vschedule` AS select distinct `s`.`schid` AS `schid`,`s`.`offid` AS `offid`,`t`.`teacherid` AS `teacherid`,`t`.`teachername` AS `teachername`,`c`.`courseid` AS `courseid`,`c`.`title` AS `title`,`sec`.`secid` AS `sectionid`,`sec`.`sectionname` AS `sectionname`,`sec`.`programid` AS `programid`,`s`.`slotid` AS `slotid`,`d`.`dayid` AS `dayid`,`d`.`dayname` AS `dayname`,`v`.`duration` AS `duration`,`st`.`slotno` AS `slotno`,`st`.`slottypeid` AS `slottypeid`,`v`.`subslotid` AS `subslotid`,`s`.`occupied` AS `occupied`,`r`.`roomid` AS `roomid`,`r`.`roomno` AS `roomno`,`r`.`campus` AS `campus`,`r`.`roomtype` AS `roomtype` from ((((((((((`schedule` `s` join `offeredcourse2` `o`) join `sectiondetails` `sd`) join `section` `sec`) join `teacher` `t`) join `course` `c`) join `slots` `sl`) join `days` `d`) join `vslottype` `st`) join `vslottype` `v`) join `room` `r`) where ((`s`.`offid` = `o`.`offid`) and (`o`.`offid` = `sd`.`offid`) and (`sd`.`secid` = `sec`.`secid`) and (`o`.`teacherid` = `t`.`teacherid`) and (`o`.`courseid` = `c`.`courseid`) and (`s`.`slotid` = `sl`.`slotid`) and (`sl`.`dayid` = `d`.`dayid`) and (`sl`.`slottypeid` = `st`.`subslotid`) and (`sl`.`roomid` = `r`.`roomid`) and (`st`.`slotno` = `v`.`slotno`) and (`s`.`occupied` = `v`.`occupied`)) */;

/*View structure for view vschedule2 */

/*!50001 DROP TABLE IF EXISTS `vschedule2` */;
/*!50001 DROP VIEW IF EXISTS `vschedule2` */;

/*!50001 CREATE ALGORITHM=UNDEFINED DEFINER=`root`@`localhost` SQL SECURITY DEFINER VIEW `vschedule2` AS select distinct `s`.`schid` AS `schid`,`s`.`offid` AS `offid`,`t`.`teacherid` AS `teacherid`,`t`.`teachername` AS `teachername`,`c`.`courseid` AS `courseid`,`c`.`title` AS `title`,_utf8'1' AS `sectionid`,(select group_concat(_latin1' ',`l`.`sectionname` separator '|') AS `GROUP_CONCAT(" ", l.sectionname)` from (`section` `l` join `sectiondetails` `p`) where ((`o`.`offid` = `p`.`offid`) and (`p`.`secid` = `l`.`secid`))) AS `sectionname`,`s`.`slotid` AS `slotid`,`d`.`dayid` AS `dayid`,`d`.`dayname` AS `dayname`,`v`.`duration` AS `duration`,`st`.`slotno` AS `slotno`,`v`.`subslotid` AS `subslotid`,`s`.`occupied` AS `occupied`,`r`.`roomid` AS `roomid`,`r`.`roomno` AS `roomno`,`r`.`campus` AS `campus`,`r`.`roomtype` AS `roomtype` from ((((((((((`schedule` `s` join `offeredcourse2` `o`) join `sectiondetails` `sd`) join `section` `sec`) join `teacher` `t`) join `course` `c`) join `slots` `sl`) join `days` `d`) join `vslottype` `st`) join `vslottype` `v`) join `room` `r`) where ((`s`.`offid` = `o`.`offid`) and (`o`.`offid` = `sd`.`offid`) and (`sd`.`secid` = `sec`.`secid`) and (`o`.`teacherid` = `t`.`teacherid`) and (`o`.`courseid` = `c`.`courseid`) and (`s`.`slotid` = `sl`.`slotid`) and (`sl`.`dayid` = `d`.`dayid`) and (`sl`.`slottypeid` = `st`.`subslotid`) and (`sl`.`roomid` = `r`.`roomid`) and (`st`.`slotno` = `v`.`slotno`) and (`s`.`occupied` = `v`.`occupied`)) */;

/*View structure for view vslottype */

/*!50001 DROP TABLE IF EXISTS `vslottype` */;
/*!50001 DROP VIEW IF EXISTS `vslottype` */;

/*!50001 CREATE ALGORITHM=UNDEFINED DEFINER=`root`@`localhost` SQL SECURITY DEFINER VIEW `vslottype` AS select `p`.`slottypeid` AS `slottypeid`,`c`.`duration` AS `duration`,`p`.`slotno` AS `slotno`,`p`.`slottypeid` AS `sort`,`c`.`slottypeid` AS `subslotid`,(case when (`c`.`duration` like _latin1'%00%') then 1 when (`c`.`duration` like _latin1'%45%') then 2 end) AS `occupied` from (`slottype` `p` join `slottype` `c`) where (`p`.`slottypeid` = `c`.`subslot`) union select `x`.`slottypeid` AS `slottypeid`,`x`.`duration` AS `duration`,`x`.`slotno` AS `slotno`,(`x`.`slottypeid` - 0.5) AS `sort`,`x`.`slottypeid` AS `subslotid`,3 AS `occupied` from `slottype` `x` where (`x`.`slottype` = 1) order by `sort`,`occupied` */;

/*!40101 SET SQL_MODE=@OLD_SQL_MODE */;
/*!40014 SET FOREIGN_KEY_CHECKS=@OLD_FOREIGN_KEY_CHECKS */;
/*!40014 SET UNIQUE_CHECKS=@OLD_UNIQUE_CHECKS */;
/*!40111 SET SQL_NOTES=@OLD_SQL_NOTES */;
